year,mode,staff_flag,proximity,epistemic_source,n_turns
2000,clip,guest,commentary,standing_rule,17
2000,clip,guest,commentary,sector_default,87
2000,clip,guest,commentary,lexicon,45
2000,clip,guest,commentary,form,16
2000,clip,guest,direct,lexicon,687
2000,clip,guest,direct,sector_default,57
2000,clip,guest,direct,name_title,10
2000,clip,guest,expert,name_title,19
2000,clip,guest,expert,lexicon,38
2000,clip,guest,expert,sector_default,28
2000,clip,guest,institutional,lexicon,23
2000,clip,guest,institutional,sector_default,23
2000,clip,guest,institutional,name_title,2
2000,clip,guest,unresolved,sector_default,390
2000,clip,staff,commentary,sector_default,1196
2000,clip,staff,direct,sector_default,18
2000,clip,staff,direct,lexicon,1
2000,clip,staff,expert,lexicon,21
2000,clip,staff,unresolved,sector_default,302
2000,live,guest,commentary,form,276
2000,live,guest,commentary,standing_rule,9
2000,live,guest,commentary,sector_default,370
2000,live,guest,commentary,lexicon,369
2000,live,guest,direct,lexicon,1281
2000,live,guest,direct,sector_default,54
2000,live,guest,direct,name_title,2
2000,live,guest,expert,lexicon,97
2000,live,guest,expert,topic_needed,11
2000,live,guest,expert,sector_default,32
2000,live,guest,expert,name_title,2
2000,live,guest,institutional,lexicon,177
2000,live,guest,institutional,sector_default,40
2000,live,guest,institutional,name_title,1
2000,live,guest,unresolved,sector_default,1153
2000,live,staff,commentary,sector_default,1317
2000,live,staff,commentary,lexicon,196
2000,live,staff,direct,sector_default,146
2000,live,staff,direct,lexicon,3
2000,live,staff,expert,lexicon,212
2000,live,staff,expert,name_title,1
2000,live,staff,unresolved,sector_default,5728
2001,clip,guest,commentary,sector_default,42
2001,clip,guest,commentary,standing_rule,273
2001,clip,guest,commentary,form,50
2001,clip,guest,commentary,lexicon,80
2001,clip,guest,direct,lexicon,488
2001,clip,guest,direct,name_title,7
2001,clip,guest,direct,sector_default,38
2001,clip,guest,expert,sector_default,28
2001,clip,guest,expert,lexicon,42
2001,clip,guest,expert,name_title,19
2001,clip,guest,expert,topic_needed,2
2001,clip,guest,institutional,lexicon,30
2001,clip,guest,institutional,name_title,2
2001,clip,guest,institutional,sector_default,31
2001,clip,guest,unresolved,sector_default,375
2001,clip,staff,commentary,sector_default,1075
2001,clip,staff,commentary,lexicon,4
2001,clip,staff,direct,lexicon,10
2001,clip,staff,direct,sector_default,4
2001,clip,staff,expert,lexicon,23
2001,clip,staff,expert,name_title,1
2001,clip,staff,unresolved,sector_default,440
2001,live,guest,commentary,lexicon,852
2001,live,guest,commentary,standing_rule,140
2001,live,guest,commentary,form,347
2001,live,guest,commentary,sector_default,200
2001,live,guest,direct,lexicon,1260
2001,live,guest,direct,sector_default,72
2001,live,guest,direct,name_title,5
2001,live,guest,expert,sector_default,75
2001,live,guest,expert,lexicon,222
2001,live,guest,expert,topic_needed,43
2001,live,guest,expert,name_title,2
2001,live,guest,institutional,lexicon,154
2001,live,guest,institutional,sector_default,125
2001,live,guest,institutional,name_title,2
2001,live,guest,unresolved,sector_default,1007
2001,live,staff,commentary,sector_default,1400
2001,live,staff,commentary,lexicon,55
2001,live,staff,direct,sector_default,289
2001,live,staff,direct,lexicon,11
2001,live,staff,expert,lexicon,138
2001,live,staff,expert,sector_default,3
2001,live,staff,expert,topic_needed,11
2001,live,staff,unresolved,sector_default,6186
2002,clip,guest,commentary,sector_default,51
2002,clip,guest,commentary,lexicon,100
2002,clip,guest,commentary,standing_rule,24
2002,clip,guest,commentary,form,16
2002,clip,guest,direct,lexicon,605
2002,clip,guest,direct,sector_default,80
2002,clip,guest,direct,name_title,9
2002,clip,guest,expert,sector_default,57
2002,clip,guest,expert,lexicon,40
2002,clip,guest,expert,name_title,12
2002,clip,guest,expert,topic_needed,8
2002,clip,guest,institutional,sector_default,133
2002,clip,guest,institutional,lexicon,48
2002,clip,guest,institutional,name_title,2
2002,clip,guest,unresolved,sector_default,442
2002,clip,staff,commentary,sector_default,1173
2002,clip,staff,commentary,lexicon,3
2002,clip,staff,direct,sector_default,19
2002,clip,staff,direct,lexicon,4
2002,clip,staff,expert,lexicon,14
2002,clip,staff,unresolved,sector_default,317
2002,live,guest,commentary,sector_default,389
2002,live,guest,commentary,form,376
2002,live,guest,commentary,lexicon,592
2002,live,guest,commentary,standing_rule,169
2002,live,guest,direct,lexicon,1297
2002,live,guest,direct,sector_default,269
2002,live,guest,direct,name_title,5
2002,live,guest,expert,lexicon,190
2002,live,guest,expert,sector_default,72
2002,live,guest,expert,name_title,5
2002,live,guest,expert,topic_needed,64
2002,live,guest,institutional,sector_default,159
2002,live,guest,institutional,lexicon,219
2002,live,guest,institutional,name_title,4
2002,live,guest,unresolved,sector_default,1120
2002,live,staff,commentary,sector_default,1554
2002,live,staff,commentary,form,8
2002,live,staff,commentary,lexicon,34
2002,live,staff,direct,sector_default,81
2002,live,staff,direct,lexicon,151
2002,live,staff,expert,lexicon,131
2002,live,staff,expert,name_title,1
2002,live,staff,expert,sector_default,10
2002,live,staff,expert,topic_needed,6
2002,live,staff,unresolved,sector_default,6862
2003,clip,guest,commentary,lexicon,62
2003,clip,guest,commentary,sector_default,101
2003,clip,guest,commentary,form,17
2003,clip,guest,commentary,standing_rule,48
2003,clip,guest,direct,lexicon,680
2003,clip,guest,direct,name_title,6
2003,clip,guest,direct,sector_default,43
2003,clip,guest,expert,name_title,24
2003,clip,guest,expert,sector_default,43
2003,clip,guest,expert,lexicon,41
2003,clip,guest,expert,topic_needed,3
2003,clip,guest,institutional,sector_default,19
2003,clip,guest,institutional,lexicon,36
2003,clip,guest,institutional,name_title,6
2003,clip,guest,unresolved,sector_default,462
2003,clip,staff,commentary,sector_default,1052
2003,clip,staff,commentary,lexicon,1
2003,clip,staff,direct,sector_default,4
2003,clip,staff,direct,lexicon,10
2003,clip,staff,expert,lexicon,78
2003,clip,staff,unresolved,sector_default,518
2003,live,guest,commentary,lexicon,909
2003,live,guest,commentary,form,207
2003,live,guest,commentary,standing_rule,136
2003,live,guest,commentary,sector_default,345
2003,live,guest,direct,lexicon,1190
2003,live,guest,direct,sector_default,157
2003,live,guest,direct,name_title,5
2003,live,guest,expert,name_title,12
2003,live,guest,expert,lexicon,118
2003,live,guest,expert,sector_default,61
2003,live,guest,expert,topic_needed,9
2003,live,guest,institutional,lexicon,176
2003,live,guest,institutional,sector_default,54
2003,live,guest,institutional,name_title,1
2003,live,guest,unresolved,sector_default,1438
2003,live,staff,commentary,sector_default,1589
2003,live,staff,commentary,lexicon,138
2003,live,staff,direct,sector_default,49
2003,live,staff,direct,lexicon,7
2003,live,staff,expert,lexicon,215
2003,live,staff,expert,topic_needed,20
2003,live,staff,unresolved,sector_default,7554
2004,clip,guest,commentary,lexicon,122
2004,clip,guest,commentary,sector_default,93
2004,clip,guest,commentary,standing_rule,92
2004,clip,guest,commentary,form,100
2004,clip,guest,direct,lexicon,971
2004,clip,guest,direct,sector_default,87
2004,clip,guest,direct,name_title,10
2004,clip,guest,expert,name_title,26
2004,clip,guest,expert,sector_default,45
2004,clip,guest,expert,lexicon,59
2004,clip,guest,expert,topic_needed,4
2004,clip,guest,institutional,name_title,8
2004,clip,guest,institutional,sector_default,34
2004,clip,guest,institutional,lexicon,36
2004,clip,guest,unresolved,sector_default,478
2004,clip,staff,commentary,sector_default,1550
2004,clip,staff,commentary,lexicon,12
2004,clip,staff,direct,lexicon,30
2004,clip,staff,direct,sector_default,5
2004,clip,staff,expert,lexicon,99
2004,clip,staff,unresolved,sector_default,848
2004,live,guest,commentary,form,442
2004,live,guest,commentary,sector_default,470
2004,live,guest,commentary,lexicon,475
2004,live,guest,commentary,standing_rule,190
2004,live,guest,direct,lexicon,1593
2004,live,guest,direct,sector_default,94
2004,live,guest,direct,name_title,7
2004,live,guest,expert,lexicon,120
2004,live,guest,expert,sector_default,126
2004,live,guest,expert,name_title,9
2004,live,guest,expert,topic_needed,33
2004,live,guest,institutional,name_title,1
2004,live,guest,institutional,lexicon,20
2004,live,guest,institutional,sector_default,14
2004,live,guest,unresolved,sector_default,1040
2004,live,staff,commentary,sector_default,1448
2004,live,staff,commentary,lexicon,85
2004,live,staff,direct,sector_default,120
2004,live,staff,direct,lexicon,49
2004,live,staff,expert,lexicon,528
2004,live,staff,expert,name_title,1
2004,live,staff,unresolved,sector_default,9399
2005,clip,guest,commentary,sector_default,163
2005,clip,guest,commentary,lexicon,109
2005,clip,guest,commentary,form,78
2005,clip,guest,commentary,standing_rule,53
2005,clip,guest,direct,lexicon,1468
2005,clip,guest,direct,sector_default,111
2005,clip,guest,direct,name_title,28
2005,clip,guest,expert,sector_default,27
2005,clip,guest,expert,lexicon,52
2005,clip,guest,expert,name_title,41
2005,clip,guest,expert,topic_needed,4
2005,clip,guest,institutional,sector_default,100
2005,clip,guest,institutional,name_title,14
2005,clip,guest,institutional,lexicon,46
2005,clip,guest,unresolved,sector_default,831
2005,clip,staff,commentary,sector_default,1978
2005,clip,staff,commentary,lexicon,6
2005,clip,staff,direct,sector_default,34
2005,clip,staff,direct,lexicon,47
2005,clip,staff,expert,lexicon,79
2005,clip,staff,unresolved,sector_default,818
2005,live,guest,commentary,form,300
2005,live,guest,commentary,lexicon,512
2005,live,guest,commentary,sector_default,417
2005,live,guest,commentary,standing_rule,10
2005,live,guest,direct,sector_default,161
2005,live,guest,direct,lexicon,1061
2005,live,guest,direct,name_title,13
2005,live,guest,expert,sector_default,76
2005,live,guest,expert,lexicon,150
2005,live,guest,expert,name_title,9
2005,live,guest,expert,topic_needed,1
2005,live,guest,institutional,lexicon,88
2005,live,guest,institutional,sector_default,256
2005,live,guest,institutional,name_title,6
2005,live,guest,unresolved,sector_default,986
2005,live,staff,commentary,sector_default,1767
2005,live,staff,commentary,lexicon,63
2005,live,staff,commentary,standing_rule,3
2005,live,staff,commentary,form,1
2005,live,staff,direct,sector_default,37
2005,live,staff,direct,lexicon,44
2005,live,staff,expert,lexicon,651
2005,live,staff,expert,topic_needed,4
2005,live,staff,expert,name_title,1
2005,live,staff,unresolved,sector_default,9155
2006,clip,guest,commentary,sector_default,149
2006,clip,guest,commentary,lexicon,163
2006,clip,guest,commentary,form,73
2006,clip,guest,commentary,standing_rule,59
2006,clip,guest,direct,lexicon,1343
2006,clip,guest,direct,sector_default,54
2006,clip,guest,direct,name_title,29
2006,clip,guest,expert,name_title,35
2006,clip,guest,expert,lexicon,106
2006,clip,guest,expert,topic_needed,16
2006,clip,guest,expert,sector_default,80
2006,clip,guest,institutional,lexicon,66
2006,clip,guest,institutional,sector_default,83
2006,clip,guest,institutional,name_title,14
2006,clip,guest,unresolved,sector_default,875
2006,clip,staff,commentary,sector_default,2534
2006,clip,staff,commentary,form,2
2006,clip,staff,commentary,lexicon,4
2006,clip,staff,direct,sector_default,42
2006,clip,staff,direct,lexicon,21
2006,clip,staff,expert,lexicon,74
2006,clip,staff,expert,topic_needed,1
2006,clip,staff,unresolved,sector_default,866
2006,live,guest,commentary,sector_default,560
2006,live,guest,commentary,lexicon,411
2006,live,guest,commentary,form,221
2006,live,guest,commentary,standing_rule,26
2006,live,guest,direct,lexicon,984
2006,live,guest,direct,name_title,6
2006,live,guest,direct,sector_default,47
2006,live,guest,expert,lexicon,129
2006,live,guest,expert,topic_needed,42
2006,live,guest,expert,sector_default,60
2006,live,guest,expert,name_title,7
2006,live,guest,institutional,sector_default,87
2006,live,guest,institutional,name_title,1
2006,live,guest,institutional,lexicon,162
2006,live,guest,unresolved,sector_default,831
2006,live,staff,commentary,sector_default,2325
2006,live,staff,commentary,form,21
2006,live,staff,commentary,lexicon,92
2006,live,staff,direct,sector_default,60
2006,live,staff,direct,lexicon,32
2006,live,staff,expert,lexicon,522
2006,live,staff,unresolved,sector_default,9425
2007,clip,guest,commentary,lexicon,180
2007,clip,guest,commentary,form,77
2007,clip,guest,commentary,sector_default,195
2007,clip,guest,commentary,standing_rule,69
2007,clip,guest,direct,lexicon,1253
2007,clip,guest,direct,sector_default,172
2007,clip,guest,direct,name_title,27
2007,clip,guest,expert,lexicon,118
2007,clip,guest,expert,name_title,32
2007,clip,guest,expert,sector_default,81
2007,clip,guest,expert,topic_needed,5
2007,clip,guest,institutional,lexicon,55
2007,clip,guest,institutional,sector_default,106
2007,clip,guest,institutional,name_title,6
2007,clip,guest,unresolved,sector_default,795
2007,clip,staff,commentary,sector_default,2125
2007,clip,staff,commentary,lexicon,13
2007,clip,staff,direct,sector_default,48
2007,clip,staff,direct,lexicon,51
2007,clip,staff,expert,lexicon,131
2007,clip,staff,expert,topic_needed,1
2007,clip,staff,unresolved,sector_default,1108
2007,live,guest,commentary,standing_rule,53
2007,live,guest,commentary,lexicon,610
2007,live,guest,commentary,form,134
2007,live,guest,commentary,sector_default,334
2007,live,guest,direct,lexicon,1008
2007,live,guest,direct,sector_default,92
2007,live,guest,direct,name_title,15
2007,live,guest,expert,lexicon,412
2007,live,guest,expert,sector_default,27
2007,live,guest,expert,topic_needed,27
2007,live,guest,expert,name_title,4
2007,live,guest,institutional,lexicon,20
2007,live,guest,institutional,sector_default,116
2007,live,guest,institutional,name_title,2
2007,live,guest,unresolved,sector_default,919
2007,live,staff,commentary,sector_default,2723
2007,live,staff,commentary,lexicon,144
2007,live,staff,commentary,standing_rule,6
2007,live,staff,commentary,form,1
2007,live,staff,direct,lexicon,95
2007,live,staff,direct,sector_default,276
2007,live,staff,expert,lexicon,328
2007,live,staff,expert,topic_needed,11
2007,live,staff,expert,sector_default,3
2007,live,staff,unresolved,sector_default,10202
2008,clip,guest,commentary,sector_default,175
2008,clip,guest,commentary,lexicon,165
2008,clip,guest,commentary,standing_rule,72
2008,clip,guest,commentary,form,55
2008,clip,guest,direct,lexicon,1181
2008,clip,guest,direct,name_title,31
2008,clip,guest,direct,sector_default,106
2008,clip,guest,expert,sector_default,39
2008,clip,guest,expert,lexicon,102
2008,clip,guest,expert,name_title,18
2008,clip,guest,expert,topic_needed,10
2008,clip,guest,institutional,lexicon,24
2008,clip,guest,institutional,name_title,15
2008,clip,guest,institutional,sector_default,39
2008,clip,guest,unresolved,sector_default,1007
2008,clip,staff,commentary,lexicon,20
2008,clip,staff,commentary,sector_default,2055
2008,clip,staff,commentary,form,14
2008,clip,staff,direct,lexicon,64
2008,clip,staff,direct,sector_default,16
2008,clip,staff,expert,lexicon,75
2008,clip,staff,institutional,sector_default,2
2008,clip,staff,unresolved,sector_default,723
2008,live,guest,commentary,lexicon,966
2008,live,guest,commentary,sector_default,433
2008,live,guest,commentary,standing_rule,193
2008,live,guest,commentary,form,110
2008,live,guest,direct,lexicon,861
2008,live,guest,direct,sector_default,79
2008,live,guest,direct,name_title,14
2008,live,guest,expert,name_title,5
2008,live,guest,expert,lexicon,253
2008,live,guest,expert,sector_default,8
2008,live,guest,expert,topic_needed,12
2008,live,guest,institutional,sector_default,92
2008,live,guest,institutional,lexicon,43
2008,live,guest,institutional,name_title,4
2008,live,guest,unresolved,sector_default,955
2008,live,staff,commentary,sector_default,3041
2008,live,staff,commentary,lexicon,305
2008,live,staff,commentary,form,57
2008,live,staff,direct,lexicon,109
2008,live,staff,direct,sector_default,409
2008,live,staff,expert,lexicon,539
2008,live,staff,expert,topic_needed,16
2008,live,staff,institutional,name_title,1
2008,live,staff,unresolved,sector_default,9637
2009,clip,guest,commentary,form,54
2009,clip,guest,commentary,lexicon,102
2009,clip,guest,commentary,sector_default,131
2009,clip,guest,commentary,standing_rule,106
2009,clip,guest,direct,sector_default,163
2009,clip,guest,direct,lexicon,1614
2009,clip,guest,direct,name_title,48
2009,clip,guest,expert,name_title,44
2009,clip,guest,expert,lexicon,132
2009,clip,guest,expert,topic_needed,10
2009,clip,guest,expert,sector_default,36
2009,clip,guest,institutional,name_title,12
2009,clip,guest,institutional,lexicon,69
2009,clip,guest,institutional,sector_default,50
2009,clip,guest,unresolved,sector_default,961
2009,clip,staff,commentary,sector_default,1999
2009,clip,staff,commentary,lexicon,8
2009,clip,staff,commentary,form,9
2009,clip,staff,direct,sector_default,69
2009,clip,staff,direct,lexicon,23
2009,clip,staff,expert,lexicon,33
2009,clip,staff,unresolved,sector_default,1021
2009,live,guest,commentary,form,126
2009,live,guest,commentary,sector_default,352
2009,live,guest,commentary,lexicon,901
2009,live,guest,commentary,standing_rule,56
2009,live,guest,direct,lexicon,1206
2009,live,guest,direct,sector_default,156
2009,live,guest,direct,name_title,6
2009,live,guest,expert,lexicon,437
2009,live,guest,expert,name_title,13
2009,live,guest,expert,topic_needed,36
2009,live,guest,expert,sector_default,23
2009,live,guest,institutional,sector_default,45
2009,live,guest,institutional,name_title,3
2009,live,guest,institutional,lexicon,116
2009,live,guest,unresolved,sector_default,1122
2009,live,staff,commentary,sector_default,2615
2009,live,staff,commentary,lexicon,193
2009,live,staff,commentary,form,31
2009,live,staff,commentary,standing_rule,7
2009,live,staff,direct,lexicon,136
2009,live,staff,direct,sector_default,75
2009,live,staff,expert,lexicon,474
2009,live,staff,expert,name_title,16
2009,live,staff,unresolved,sector_default,11804
2010,clip,guest,commentary,lexicon,137
2010,clip,guest,commentary,form,43
2010,clip,guest,commentary,standing_rule,76
2010,clip,guest,commentary,sector_default,102
2010,clip,guest,direct,lexicon,1479
2010,clip,guest,direct,sector_default,133
2010,clip,guest,direct,name_title,15
2010,clip,guest,expert,sector_default,83
2010,clip,guest,expert,name_title,17
2010,clip,guest,expert,lexicon,116
2010,clip,guest,expert,topic_needed,7
2010,clip,guest,institutional,sector_default,44
2010,clip,guest,institutional,lexicon,50
2010,clip,guest,institutional,name_title,10
2010,clip,guest,unresolved,sector_default,1009
2010,clip,staff,commentary,sector_default,1227
2010,clip,staff,commentary,lexicon,39
2010,clip,staff,commentary,form,11
2010,clip,staff,commentary,standing_rule,16
2010,clip,staff,direct,sector_default,30
2010,clip,staff,direct,lexicon,20
2010,clip,staff,expert,lexicon,50
2010,clip,staff,unresolved,sector_default,1469
2010,live,guest,commentary,form,302
2010,live,guest,commentary,standing_rule,189
2010,live,guest,commentary,sector_default,327
2010,live,guest,commentary,lexicon,738
2010,live,guest,direct,lexicon,1645
2010,live,guest,direct,sector_default,128
2010,live,guest,direct,name_title,5
2010,live,guest,expert,lexicon,552
2010,live,guest,expert,name_title,12
2010,live,guest,expert,sector_default,20
2010,live,guest,expert,topic_needed,21
2010,live,guest,institutional,sector_default,109
2010,live,guest,institutional,lexicon,31
2010,live,guest,institutional,name_title,9
2010,live,guest,unresolved,sector_default,1169
2010,live,staff,commentary,sector_default,2434
2010,live,staff,commentary,lexicon,293
2010,live,staff,commentary,form,45
2010,live,staff,direct,lexicon,50
2010,live,staff,direct,sector_default,127
2010,live,staff,expert,lexicon,644
2010,live,staff,expert,name_title,4
2010,live,staff,unresolved,sector_default,11796
2011,clip,guest,commentary,sector_default,92
2011,clip,guest,commentary,lexicon,191
2011,clip,guest,commentary,form,57
2011,clip,guest,commentary,standing_rule,46
2011,clip,guest,direct,lexicon,1571
2011,clip,guest,direct,name_title,15
2011,clip,guest,direct,sector_default,108
2011,clip,guest,expert,lexicon,81
2011,clip,guest,expert,name_title,14
2011,clip,guest,expert,sector_default,63
2011,clip,guest,expert,topic_needed,5
2011,clip,guest,institutional,lexicon,29
2011,clip,guest,institutional,sector_default,53
2011,clip,guest,institutional,name_title,8
2011,clip,guest,unresolved,sector_default,937
2011,clip,staff,commentary,sector_default,1345
2011,clip,staff,commentary,form,21
2011,clip,staff,commentary,lexicon,35
2011,clip,staff,direct,sector_default,23
2011,clip,staff,direct,lexicon,23
2011,clip,staff,expert,lexicon,29
2011,clip,staff,expert,name_title,2
2011,clip,staff,unresolved,sector_default,1397
2011,live,guest,commentary,lexicon,1037
2011,live,guest,commentary,sector_default,315
2011,live,guest,commentary,form,182
2011,live,guest,commentary,standing_rule,104
2011,live,guest,direct,lexicon,1667
2011,live,guest,direct,sector_default,106
2011,live,guest,direct,name_title,6
2011,live,guest,expert,lexicon,639
2011,live,guest,expert,sector_default,13
2011,live,guest,expert,name_title,13
2011,live,guest,expert,topic_needed,44
2011,live,guest,institutional,sector_default,24
2011,live,guest,institutional,lexicon,39
2011,live,guest,institutional,name_title,1
2011,live,guest,unresolved,sector_default,1389
2011,live,staff,commentary,sector_default,2075
2011,live,staff,commentary,lexicon,374
2011,live,staff,commentary,form,22
2011,live,staff,direct,sector_default,208
2011,live,staff,direct,lexicon,91
2011,live,staff,expert,name_title,7
2011,live,staff,expert,lexicon,282
2011,live,staff,unresolved,sector_default,12430
2012,clip,guest,commentary,standing_rule,92
2012,clip,guest,commentary,sector_default,78
2012,clip,guest,commentary,lexicon,107
2012,clip,guest,commentary,form,31
2012,clip,guest,direct,lexicon,1617
2012,clip,guest,direct,sector_default,94
2012,clip,guest,direct,name_title,33
2012,clip,guest,expert,lexicon,62
2012,clip,guest,expert,name_title,6
2012,clip,guest,expert,sector_default,35
2012,clip,guest,expert,topic_needed,11
2012,clip,guest,institutional,lexicon,32
2012,clip,guest,institutional,sector_default,87
2012,clip,guest,institutional,name_title,5
2012,clip,guest,unresolved,sector_default,890
2012,clip,staff,commentary,sector_default,1659
2012,clip,staff,commentary,lexicon,34
2012,clip,staff,commentary,standing_rule,1
2012,clip,staff,direct,sector_default,33
2012,clip,staff,direct,lexicon,47
2012,clip,staff,expert,sector_default,5
2012,clip,staff,expert,lexicon,13
2012,clip,staff,expert,name_title,2
2012,clip,staff,institutional,sector_default,4
2012,clip,staff,unresolved,sector_default,1077
2012,live,guest,commentary,sector_default,280
2012,live,guest,commentary,lexicon,598
2012,live,guest,commentary,form,111
2012,live,guest,commentary,standing_rule,187
2012,live,guest,direct,lexicon,1089
2012,live,guest,direct,name_title,16
2012,live,guest,direct,sector_default,155
2012,live,guest,expert,lexicon,451
2012,live,guest,expert,name_title,3
2012,live,guest,expert,sector_default,58
2012,live,guest,expert,topic_needed,55
2012,live,guest,institutional,sector_default,55
2012,live,guest,institutional,lexicon,60
2012,live,guest,institutional,name_title,3
2012,live,guest,unresolved,sector_default,1091
2012,live,staff,commentary,sector_default,2066
2012,live,staff,commentary,lexicon,776
2012,live,staff,commentary,form,16
2012,live,staff,direct,sector_default,64
2012,live,staff,direct,lexicon,17
2012,live,staff,expert,lexicon,288
2012,live,staff,expert,name_title,5
2012,live,staff,expert,sector_default,2
2012,live,staff,institutional,sector_default,19
2012,live,staff,unresolved,sector_default,10135
2013,clip,guest,commentary,lexicon,287
2013,clip,guest,commentary,standing_rule,67
2013,clip,guest,commentary,form,45
2013,clip,guest,commentary,sector_default,84
2013,clip,guest,direct,lexicon,1680
2013,clip,guest,direct,name_title,37
2013,clip,guest,direct,sector_default,97
2013,clip,guest,expert,sector_default,64
2013,clip,guest,expert,name_title,19
2013,clip,guest,expert,lexicon,169
2013,clip,guest,expert,topic_needed,37
2013,clip,guest,institutional,sector_default,136
2013,clip,guest,institutional,lexicon,89
2013,clip,guest,institutional,name_title,7
2013,clip,guest,unresolved,sector_default,1106
2013,clip,staff,commentary,sector_default,1792
2013,clip,staff,commentary,form,1
2013,clip,staff,commentary,lexicon,23
2013,clip,staff,direct,lexicon,17
2013,clip,staff,direct,sector_default,12
2013,clip,staff,expert,name_title,4
2013,clip,staff,expert,lexicon,19
2013,clip,staff,unresolved,sector_default,1115
2013,live,guest,commentary,lexicon,1118
2013,live,guest,commentary,form,96
2013,live,guest,commentary,standing_rule,142
2013,live,guest,commentary,sector_default,238
2013,live,guest,direct,name_title,28
2013,live,guest,direct,sector_default,172
2013,live,guest,direct,lexicon,1355
2013,live,guest,expert,lexicon,473
2013,live,guest,expert,sector_default,47
2013,live,guest,expert,topic_needed,97
2013,live,guest,expert,name_title,5
2013,live,guest,institutional,sector_default,90
2013,live,guest,institutional,lexicon,77
2013,live,guest,institutional,name_title,4
2013,live,guest,unresolved,sector_default,1232
2013,live,staff,commentary,lexicon,504
2013,live,staff,commentary,sector_default,2402
2013,live,staff,commentary,form,1
2013,live,staff,direct,lexicon,13
2013,live,staff,direct,sector_default,49
2013,live,staff,expert,lexicon,195
2013,live,staff,expert,name_title,3
2013,live,staff,expert,topic_needed,3
2013,live,staff,institutional,sector_default,4
2013,live,staff,unresolved,sector_default,10668
2014,clip,guest,commentary,standing_rule,95
2014,clip,guest,commentary,lexicon,107
2014,clip,guest,commentary,form,56
2014,clip,guest,commentary,sector_default,69
2014,clip,guest,direct,name_title,13
2014,clip,guest,direct,lexicon,1111
2014,clip,guest,direct,sector_default,90
2014,clip,guest,expert,lexicon,68
2014,clip,guest,expert,sector_default,58
2014,clip,guest,expert,topic_needed,11
2014,clip,guest,expert,name_title,18
2014,clip,guest,institutional,sector_default,54
2014,clip,guest,institutional,lexicon,45
2014,clip,guest,institutional,name_title,2
2014,clip,guest,unresolved,sector_default,456
2014,clip,staff,commentary,sector_default,1178
2014,clip,staff,commentary,lexicon,14
2014,clip,staff,commentary,standing_rule,11
2014,clip,staff,direct,sector_default,6
2014,clip,staff,direct,lexicon,15
2014,clip,staff,expert,lexicon,10
2014,clip,staff,expert,name_title,7
2014,clip,staff,unresolved,sector_default,774
2014,live,guest,commentary,lexicon,938
2014,live,guest,commentary,standing_rule,184
2014,live,guest,commentary,sector_default,196
2014,live,guest,commentary,form,137
2014,live,guest,direct,sector_default,435
2014,live,guest,direct,lexicon,979
2014,live,guest,direct,name_title,17
2014,live,guest,expert,lexicon,585
2014,live,guest,expert,topic_needed,63
2014,live,guest,expert,sector_default,87
2014,live,guest,expert,name_title,11
2014,live,guest,institutional,lexicon,255
2014,live,guest,institutional,sector_default,125
2014,live,guest,institutional,name_title,3
2014,live,guest,unresolved,sector_default,990
2014,live,staff,commentary,sector_default,1808
2014,live,staff,commentary,lexicon,680
2014,live,staff,commentary,standing_rule,11
2014,live,staff,direct,sector_default,54
2014,live,staff,direct,lexicon,28
2014,live,staff,expert,name_title,3
2014,live,staff,expert,lexicon,635
2014,live,staff,institutional,name_title,1
2014,live,staff,unresolved,sector_default,10344
2015,clip,guest,commentary,lexicon,90
2015,clip,guest,commentary,standing_rule,48
2015,clip,guest,commentary,sector_default,44
2015,clip,guest,commentary,form,4
2015,clip,guest,direct,lexicon,905
2015,clip,guest,direct,name_title,20
2015,clip,guest,direct,sector_default,69
2015,clip,guest,expert,lexicon,101
2015,clip,guest,expert,sector_default,26
2015,clip,guest,expert,topic_needed,26
2015,clip,guest,expert,name_title,1
2015,clip,guest,institutional,sector_default,100
2015,clip,guest,institutional,lexicon,46
2015,clip,guest,institutional,name_title,7
2015,clip,guest,unresolved,sector_default,404
2015,clip,staff,commentary,sector_default,1567
2015,clip,staff,commentary,lexicon,8
2015,clip,staff,commentary,standing_rule,5
2015,clip,staff,direct,lexicon,24
2015,clip,staff,direct,name_title,3
2015,clip,staff,expert,lexicon,23
2015,clip,staff,unresolved,sector_default,691
2015,live,guest,commentary,lexicon,607
2015,live,guest,commentary,form,67
2015,live,guest,commentary,sector_default,178
2015,live,guest,commentary,standing_rule,139
2015,live,guest,direct,sector_default,160
2015,live,guest,direct,lexicon,1145
2015,live,guest,direct,name_title,13
2015,live,guest,expert,lexicon,329
2015,live,guest,expert,topic_needed,135
2015,live,guest,expert,sector_default,53
2015,live,guest,expert,name_title,9
2015,live,guest,institutional,sector_default,125
2015,live,guest,institutional,lexicon,196
2015,live,guest,institutional,name_title,1
2015,live,guest,unresolved,sector_default,934
2015,live,staff,commentary,sector_default,2590
2015,live,staff,commentary,lexicon,792
2015,live,staff,direct,sector_default,32
2015,live,staff,direct,lexicon,25
2015,live,staff,expert,lexicon,583
2015,live,staff,expert,topic_needed,4
2015,live,staff,expert,name_title,1
2015,live,staff,unresolved,sector_default,9998
2016,clip,guest,commentary,standing_rule,95
2016,clip,guest,commentary,lexicon,99
2016,clip,guest,commentary,sector_default,18
2016,clip,guest,commentary,form,2
2016,clip,guest,direct,name_title,25
2016,clip,guest,direct,lexicon,1692
2016,clip,guest,direct,sector_default,134
2016,clip,guest,expert,lexicon,68
2016,clip,guest,expert,sector_default,44
2016,clip,guest,expert,name_title,7
2016,clip,guest,expert,topic_needed,12
2016,clip,guest,institutional,lexicon,64
2016,clip,guest,institutional,sector_default,70
2016,clip,guest,institutional,name_title,4
2016,clip,guest,unresolved,sector_default,536
2016,clip,staff,commentary,sector_default,1877
2016,clip,staff,commentary,lexicon,67
2016,clip,staff,direct,sector_default,38
2016,clip,staff,direct,lexicon,1
2016,clip,staff,expert,lexicon,19
2016,clip,staff,expert,name_title,2
2016,clip,staff,expert,sector_default,2
2016,clip,staff,unresolved,sector_default,960
2016,live,guest,commentary,lexicon,984
2016,live,guest,commentary,sector_default,538
2016,live,guest,commentary,standing_rule,147
2016,live,guest,commentary,form,38
2016,live,guest,direct,lexicon,982
2016,live,guest,direct,name_title,16
2016,live,guest,direct,sector_default,222
2016,live,guest,expert,name_title,3
2016,live,guest,expert,lexicon,327
2016,live,guest,expert,topic_needed,50
2016,live,guest,expert,sector_default,14
2016,live,guest,institutional,sector_default,35
2016,live,guest,institutional,lexicon,157
2016,live,guest,institutional,name_title,2
2016,live,guest,unresolved,sector_default,877
2016,live,staff,commentary,sector_default,2292
2016,live,staff,commentary,lexicon,1379
2016,live,staff,direct,sector_default,226
2016,live,staff,direct,lexicon,6
2016,live,staff,expert,lexicon,776
2016,live,staff,expert,topic_needed,42
2016,live,staff,expert,name_title,1
2016,live,staff,unresolved,sector_default,10863
2017,clip,guest,commentary,lexicon,131
2017,clip,guest,commentary,form,34
2017,clip,guest,commentary,sector_default,35
2017,clip,guest,commentary,standing_rule,66
2017,clip,guest,direct,lexicon,1217
2017,clip,guest,direct,name_title,35
2017,clip,guest,direct,sector_default,158
2017,clip,guest,expert,sector_default,49
2017,clip,guest,expert,lexicon,31
2017,clip,guest,expert,topic_needed,36
2017,clip,guest,expert,name_title,5
2017,clip,guest,institutional,lexicon,158
2017,clip,guest,institutional,sector_default,39
2017,clip,guest,institutional,name_title,1
2017,clip,guest,unresolved,sector_default,368
2017,clip,staff,commentary,lexicon,29
2017,clip,staff,commentary,sector_default,1217
2017,clip,staff,commentary,standing_rule,1
2017,clip,staff,direct,sector_default,6
2017,clip,staff,direct,lexicon,4
2017,clip,staff,expert,lexicon,44
2017,clip,staff,unresolved,sector_default,616
2017,live,guest,commentary,lexicon,642
2017,live,guest,commentary,standing_rule,316
2017,live,guest,commentary,form,100
2017,live,guest,commentary,sector_default,345
2017,live,guest,direct,lexicon,914
2017,live,guest,direct,name_title,28
2017,live,guest,direct,sector_default,158
2017,live,guest,expert,lexicon,253
2017,live,guest,expert,topic_needed,70
2017,live,guest,expert,sector_default,24
2017,live,guest,expert,name_title,2
2017,live,guest,institutional,name_title,1
2017,live,guest,institutional,lexicon,147
2017,live,guest,institutional,sector_default,121
2017,live,guest,unresolved,sector_default,838
2017,live,staff,commentary,sector_default,2722
2017,live,staff,commentary,lexicon,1227
2017,live,staff,direct,lexicon,25
2017,live,staff,direct,sector_default,75
2017,live,staff,expert,lexicon,1030
2017,live,staff,expert,topic_needed,1
2017,live,staff,expert,sector_default,1
2017,live,staff,unresolved,sector_default,10358
2018,clip,guest,commentary,lexicon,156
2018,clip,guest,commentary,standing_rule,102
2018,clip,guest,commentary,sector_default,51
2018,clip,guest,commentary,form,7
2018,clip,guest,direct,lexicon,1324
2018,clip,guest,direct,name_title,34
2018,clip,guest,direct,sector_default,160
2018,clip,guest,expert,name_title,2
2018,clip,guest,expert,lexicon,39
2018,clip,guest,expert,sector_default,28
2018,clip,guest,expert,topic_needed,10
2018,clip,guest,institutional,lexicon,130
2018,clip,guest,institutional,sector_default,36
2018,clip,guest,institutional,name_title,5
2018,clip,guest,unresolved,sector_default,383
2018,clip,staff,commentary,sector_default,1197
2018,clip,staff,commentary,lexicon,23
2018,clip,staff,direct,sector_default,15
2018,clip,staff,direct,lexicon,4
2018,clip,staff,expert,lexicon,15
2018,clip,staff,expert,name_title,1
2018,clip,staff,expert,sector_default,1
2018,clip,staff,unresolved,sector_default,401
2018,live,guest,commentary,sector_default,320
2018,live,guest,commentary,lexicon,607
2018,live,guest,commentary,form,19
2018,live,guest,commentary,standing_rule,192
2018,live,guest,direct,lexicon,972
2018,live,guest,direct,name_title,17
2018,live,guest,direct,sector_default,209
2018,live,guest,expert,lexicon,315
2018,live,guest,expert,sector_default,35
2018,live,guest,expert,topic_needed,29
2018,live,guest,expert,name_title,2
2018,live,guest,institutional,lexicon,26
2018,live,guest,institutional,sector_default,48
2018,live,guest,institutional,name_title,4
2018,live,guest,unresolved,sector_default,686
2018,live,staff,commentary,sector_default,2805
2018,live,staff,commentary,lexicon,1078
2018,live,staff,direct,sector_default,91
2018,live,staff,direct,lexicon,16
2018,live,staff,expert,lexicon,1055
2018,live,staff,expert,topic_needed,1
2018,live,staff,unresolved,sector_default,10636
2019,clip,guest,commentary,lexicon,190
2019,clip,guest,commentary,standing_rule,132
2019,clip,guest,commentary,sector_default,51
2019,clip,guest,commentary,form,4
2019,clip,guest,direct,lexicon,1450
2019,clip,guest,direct,sector_default,106
2019,clip,guest,direct,name_title,24
2019,clip,guest,expert,lexicon,54
2019,clip,guest,expert,sector_default,12
2019,clip,guest,expert,topic_needed,20
2019,clip,guest,expert,name_title,7
2019,clip,guest,institutional,sector_default,83
2019,clip,guest,institutional,lexicon,61
2019,clip,guest,institutional,name_title,2
2019,clip,guest,unresolved,sector_default,518
2019,clip,staff,commentary,sector_default,1485
2019,clip,staff,commentary,lexicon,17
2019,clip,staff,commentary,standing_rule,3
2019,clip,staff,direct,lexicon,13
2019,clip,staff,direct,sector_default,19
2019,clip,staff,direct,name_title,1
2019,clip,staff,expert,lexicon,71
2019,clip,staff,expert,sector_default,1
2019,clip,staff,unresolved,sector_default,431
2019,live,guest,commentary,sector_default,228
2019,live,guest,commentary,lexicon,311
2019,live,guest,commentary,standing_rule,189
2019,live,guest,commentary,form,22
2019,live,guest,direct,lexicon,659
2019,live,guest,direct,sector_default,189
2019,live,guest,direct,name_title,8
2019,live,guest,expert,lexicon,329
2019,live,guest,expert,sector_default,25
2019,live,guest,expert,topic_needed,31
2019,live,guest,expert,name_title,1
2019,live,guest,institutional,sector_default,49
2019,live,guest,institutional,lexicon,14
2019,live,guest,unresolved,sector_default,560
2019,live,staff,commentary,sector_default,3027
2019,live,staff,commentary,lexicon,1437
2019,live,staff,commentary,standing_rule,6
2019,live,staff,direct,sector_default,122
2019,live,staff,direct,lexicon,3
2019,live,staff,expert,lexicon,1099
2019,live,staff,expert,sector_default,7
2019,live,staff,expert,topic_needed,17
2019,live,staff,unresolved,sector_default,10329
2020,clip,guest,commentary,standing_rule,139
2020,clip,guest,commentary,sector_default,43
2020,clip,guest,commentary,lexicon,183
2020,clip,guest,commentary,form,5
2020,clip,guest,direct,lexicon,1238
2020,clip,guest,direct,sector_default,127
2020,clip,guest,direct,name_title,19
2020,clip,guest,expert,sector_default,60
2020,clip,guest,expert,name_title,85
2020,clip,guest,expert,lexicon,251
2020,clip,guest,expert,topic_needed,32
2020,clip,guest,institutional,lexicon,44
2020,clip,guest,institutional,sector_default,45
2020,clip,guest,institutional,name_title,4
2020,clip,guest,unresolved,sector_default,523
2020,clip,staff,commentary,sector_default,1562
2020,clip,staff,commentary,lexicon,40
2020,clip,staff,direct,sector_default,36
2020,clip,staff,direct,lexicon,1
2020,clip,staff,expert,lexicon,40
2020,clip,staff,expert,sector_default,1
2020,clip,staff,unresolved,sector_default,311
2020,live,guest,commentary,standing_rule,249
2020,live,guest,commentary,form,13
2020,live,guest,commentary,lexicon,265
2020,live,guest,commentary,sector_default,157
2020,live,guest,direct,lexicon,845
2020,live,guest,direct,sector_default,186
2020,live,guest,direct,name_title,5
2020,live,guest,expert,lexicon,460
2020,live,guest,expert,sector_default,54
2020,live,guest,expert,name_title,34
2020,live,guest,expert,topic_needed,21
2020,live,guest,institutional,sector_default,21
2020,live,guest,institutional,lexicon,37
2020,live,guest,institutional,name_title,1
2020,live,guest,unresolved,sector_default,642
2020,live,staff,commentary,sector_default,2466
2020,live,staff,commentary,lexicon,646
2020,live,staff,direct,sector_default,89
2020,live,staff,direct,lexicon,43
2020,live,staff,expert,lexicon,830
2020,live,staff,expert,topic_needed,11
2020,live,staff,unresolved,sector_default,8512
2021,clip,guest,commentary,standing_rule,184
2021,clip,guest,commentary,lexicon,219
2021,clip,guest,commentary,sector_default,35
2021,clip,guest,commentary,form,14
2021,clip,guest,direct,lexicon,1176
2021,clip,guest,direct,sector_default,143
2021,clip,guest,direct,name_title,24
2021,clip,guest,expert,name_title,54
2021,clip,guest,expert,sector_default,47
2021,clip,guest,expert,lexicon,183
2021,clip,guest,expert,topic_needed,96
2021,clip,guest,institutional,lexicon,140
2021,clip,guest,institutional,sector_default,235
2021,clip,guest,institutional,name_title,10
2021,clip,guest,unresolved,sector_default,732
2021,clip,staff,commentary,sector_default,1611
2021,clip,staff,commentary,lexicon,49
2021,clip,staff,direct,sector_default,51
2021,clip,staff,direct,lexicon,1
2021,clip,staff,expert,lexicon,30
2021,clip,staff,unresolved,sector_default,393
2021,live,guest,commentary,lexicon,547
2021,live,guest,commentary,sector_default,115
2021,live,guest,commentary,standing_rule,231
2021,live,guest,commentary,form,4
2021,live,guest,direct,lexicon,718
2021,live,guest,direct,sector_default,225
2021,live,guest,direct,name_title,5
2021,live,guest,expert,lexicon,329
2021,live,guest,expert,name_title,33
2021,live,guest,expert,topic_needed,35
2021,live,guest,expert,sector_default,60
2021,live,guest,institutional,lexicon,99
2021,live,guest,institutional,sector_default,146
2021,live,guest,institutional,name_title,2
2021,live,guest,unresolved,sector_default,695
2021,live,staff,commentary,sector_default,2608
2021,live,staff,commentary,lexicon,459
2021,live,staff,commentary,standing_rule,4
2021,live,staff,direct,sector_default,66
2021,live,staff,direct,lexicon,19
2021,live,staff,expert,lexicon,518
2021,live,staff,expert,name_title,1
2021,live,staff,expert,topic_needed,3
2021,live,staff,unresolved,sector_default,7993
2022,clip,guest,commentary,lexicon,259
2022,clip,guest,commentary,standing_rule,160
2022,clip,guest,commentary,sector_default,37
2022,clip,guest,commentary,form,7
2022,clip,guest,direct,lexicon,1134
2022,clip,guest,direct,sector_default,154
2022,clip,guest,direct,name_title,30
2022,clip,guest,expert,name_title,18
2022,clip,guest,expert,sector_default,60
2022,clip,guest,expert,lexicon,107
2022,clip,guest,expert,topic_needed,9
2022,clip,guest,institutional,sector_default,59
2022,clip,guest,institutional,lexicon,71
2022,clip,guest,institutional,name_title,7
2022,clip,guest,unresolved,sector_default,666
2022,clip,staff,commentary,sector_default,1378
2022,clip,staff,commentary,lexicon,34
2022,clip,staff,direct,sector_default,52
2022,clip,staff,direct,lexicon,14
2022,clip,staff,expert,lexicon,46
2022,clip,staff,expert,topic_needed,3
2022,clip,staff,unresolved,sector_default,559
2022,live,guest,commentary,sector_default,156
2022,live,guest,commentary,lexicon,232
2022,live,guest,commentary,standing_rule,175
2022,live,guest,commentary,form,29
2022,live,guest,direct,lexicon,696
2022,live,guest,direct,sector_default,165
2022,live,guest,direct,name_title,8
2022,live,guest,expert,lexicon,223
2022,live,guest,expert,name_title,16
2022,live,guest,expert,topic_needed,29
2022,live,guest,expert,sector_default,34
2022,live,guest,institutional,lexicon,102
2022,live,guest,institutional,sector_default,34
2022,live,guest,institutional,name_title,1
2022,live,guest,unresolved,sector_default,365
2022,live,staff,commentary,sector_default,2494
2022,live,staff,commentary,lexicon,592
2022,live,staff,commentary,form,1
2022,live,staff,commentary,standing_rule,18
2022,live,staff,direct,sector_default,131
2022,live,staff,direct,lexicon,37
2022,live,staff,expert,lexicon,658
2022,live,staff,expert,topic_needed,17
2022,live,staff,unresolved,sector_default,8330
2023,clip,guest,commentary,lexicon,234
2023,clip,guest,commentary,sector_default,55
2023,clip,guest,commentary,form,1
2023,clip,guest,commentary,standing_rule,147
2023,clip,guest,direct,lexicon,1209
2023,clip,guest,direct,sector_default,161
2023,clip,guest,direct,name_title,41
2023,clip,guest,expert,lexicon,135
2023,clip,guest,expert,name_title,11
2023,clip,guest,expert,topic_needed,18
2023,clip,guest,expert,sector_default,55
2023,clip,guest,institutional,lexicon,92
2023,clip,guest,institutional,name_title,6
2023,clip,guest,institutional,sector_default,99
2023,clip,guest,unresolved,sector_default,512
2023,clip,staff,commentary,sector_default,1395
2023,clip,staff,commentary,lexicon,32
2023,clip,staff,direct,sector_default,75
2023,clip,staff,direct,lexicon,32
2023,clip,staff,expert,lexicon,43
2023,clip,staff,institutional,name_title,1
2023,clip,staff,unresolved,sector_default,455
2023,live,guest,commentary,sector_default,171
2023,live,guest,commentary,standing_rule,169
2023,live,guest,commentary,lexicon,649
2023,live,guest,commentary,form,4
2023,live,guest,direct,lexicon,862
2023,live,guest,direct,name_title,11
2023,live,guest,direct,sector_default,100
2023,live,guest,expert,lexicon,294
2023,live,guest,expert,sector_default,35
2023,live,guest,expert,topic_needed,35
2023,live,guest,expert,name_title,15
2023,live,guest,institutional,lexicon,122
2023,live,guest,institutional,name_title,2
2023,live,guest,institutional,sector_default,56
2023,live,guest,unresolved,sector_default,642
2023,live,staff,commentary,sector_default,2666
2023,live,staff,commentary,lexicon,640
2023,live,staff,commentary,standing_rule,9
2023,live,staff,direct,sector_default,103
2023,live,staff,direct,lexicon,68
2023,live,staff,expert,lexicon,535
2023,live,staff,expert,topic_needed,16
2023,live,staff,unresolved,sector_default,8802
2024,clip,guest,commentary,lexicon,306
2024,clip,guest,commentary,standing_rule,181
2024,clip,guest,commentary,sector_default,60
2024,clip,guest,direct,lexicon,1300
2024,clip,guest,direct,sector_default,117
2024,clip,guest,direct,name_title,19
2024,clip,guest,expert,lexicon,72
2024,clip,guest,expert,name_title,9
2024,clip,guest,expert,sector_default,42
2024,clip,guest,expert,topic_needed,32
2024,clip,guest,institutional,lexicon,57
2024,clip,guest,institutional,sector_default,52
2024,clip,guest,institutional,name_title,4
2024,clip,guest,unresolved,sector_default,673
2024,clip,staff,commentary,sector_default,1352
2024,clip,staff,commentary,lexicon,44
2024,clip,staff,direct,sector_default,63
2024,clip,staff,direct,lexicon,32
2024,clip,staff,expert,lexicon,46
2024,clip,staff,unresolved,sector_default,486
2024,live,guest,commentary,lexicon,512
2024,live,guest,commentary,standing_rule,304
2024,live,guest,commentary,sector_default,336
2024,live,guest,commentary,form,18
2024,live,guest,direct,lexicon,928
2024,live,guest,direct,name_title,11
2024,live,guest,direct,sector_default,189
2024,live,guest,expert,lexicon,276
2024,live,guest,expert,topic_needed,59
2024,live,guest,expert,sector_default,39
2024,live,guest,expert,name_title,11
2024,live,guest,institutional,sector_default,21
2024,live,guest,institutional,lexicon,155
2024,live,guest,institutional,name_title,2
2024,live,guest,unresolved,sector_default,547
2024,live,staff,commentary,sector_default,2372
2024,live,staff,commentary,lexicon,1118
2024,live,staff,direct,sector_default,104
2024,live,staff,direct,lexicon,26
2024,live,staff,expert,lexicon,572
2024,live,staff,expert,topic_needed,19
2024,live,staff,unresolved,sector_default,9085
2025,clip,guest,commentary,standing_rule,7
2025,clip,guest,commentary,sector_default,26
2025,clip,guest,commentary,lexicon,18
2025,clip,guest,direct,lexicon,389
2025,clip,guest,direct,name_title,7
2025,clip,guest,direct,sector_default,11
2025,clip,guest,expert,lexicon,14
2025,clip,guest,expert,topic_needed,8
2025,clip,guest,expert,sector_default,7
2025,clip,guest,expert,name_title,6
2025,clip,guest,institutional,lexicon,9
2025,clip,guest,institutional,sector_default,12
2025,clip,guest,institutional,name_title,1
2025,clip,guest,unresolved,sector_default,118
2025,clip,staff,commentary,sector_default,280
2025,clip,staff,commentary,lexicon,1
2025,clip,staff,direct,lexicon,6
2025,clip,staff,direct,sector_default,11
2025,clip,staff,expert,name_title,1
2025,clip,staff,expert,lexicon,8
2025,clip,staff,unresolved,sector_default,52
2025,live,guest,commentary,sector_default,41
2025,live,guest,commentary,standing_rule,30
2025,live,guest,commentary,lexicon,76
2025,live,guest,commentary,form,3
2025,live,guest,direct,lexicon,195
2025,live,guest,direct,name_title,2
2025,live,guest,direct,sector_default,22
2025,live,guest,expert,lexicon,81
2025,live,guest,expert,topic_needed,5
2025,live,guest,expert,name_title,2
2025,live,guest,institutional,lexicon,12
2025,live,guest,unresolved,sector_default,123
2025,live,staff,commentary,sector_default,494
2025,live,staff,commentary,lexicon,390
2025,live,staff,direct,sector_default,27
2025,live,staff,direct,lexicon,10
2025,live,staff,expert,lexicon,144
2025,live,staff,unresolved,sector_default,1661
