year,mode,n_guest_turns,office_coverage,executive_share,academic_share,business_share,cabinet_secretary_share,candidate_share,diplomat_share,entertainment_share,governor_share,journalist_share,judiciary_share,mayor_share,military_share,president_share,press_secretary_share,religious_share,representative_share,senator_share,spokesperson_share,vice_president_share
2000,all,206816,0.10203755995667652,0.026941822682964568,0.007107767290731858,0.010482747949868481,0.004409716849760173,0.0009622079529630203,0.00436136469131982,0.02907898808602816,0.00040132291505492806,0.010202305430914436,0.0022918923100727216,0.0004931920160915984,0.0027705786786322143,0.015999729227912735,0.0012233096085409252,0.0002562664397338697,0.000904185362834597,0.0006334132755686214,0.005149504873897571,0.005309066996750735
2001,all,250527,0.0858230849369529,0.029976808886866487,0.005520363074638662,0.00735649251378095,0.007392416785416342,7.584012900805103e-05,0.005711959190027423,0.01757495200118151,0.0004031501594638502,0.007264686041823835,0.002347052413512316,0.0011296187636462337,0.00402351842316397,0.018948057494800958,0.002047683483217378,0.00033529320193033087,0.0006785695753351934,0.00040714174520111606,0.003017638817372978,0.0015886511234318057
2002,all,256842,0.06801847049937315,0.023368452200185328,0.00352746046207396,0.0040413950989324175,0.0056610678938802846,0.0002452869857733548,0.005400207131232431,0.01349467766175314,0.00039713131029971735,0.005859633549030143,0.002834427391158767,0.0009655741662189205,0.003235452145677109,0.013922956525801855,0.0016352465718223654,0.000619057630761324,0.000681352738259319,0.00033483620280172244,0.0030135258252155022,0.002149181208680823
2003,all,231610,0.07559690859634727,0.02420016406890894,0.003743361685592159,0.0033461422218384355,0.006679331635076205,0.00028496178921462803,0.007754414748931393,0.013760200336773023,0.0006433228271663572,0.006778636501014637,0.0026682785717369716,0.0007339924873710116,0.007240620007771685,0.014800742627693105,0.0017054531324208798,0.0003799490522861707,0.00045334830102327186,0.0002892793920815163,0.0033202366046371054,0.0010146366737187513
2004,all,253551,0.09036840714491368,0.03213160271503564,0.005312540672290781,0.005908081608828204,0.005829202014584837,0.00027607857985178526,0.004543464628417951,0.016517387034561095,0.0005127173625818869,0.008455892502888964,0.0022796202736333126,0.0009820509483299217,0.00805755055195996,0.022117838225840167,0.0010845944208462991,0.00039439797121683607,0.0005087733828697185,0.0010412106440124472,0.0034470382684351473,0.0030999680537643313
2005,all,303108,0.07704844477875872,0.02132243292819721,0.004048062076883487,0.004051361230980377,0.004127241775208837,0.0002507357113636064,0.003586180503318949,0.019488103250326617,0.0003233171014951766,0.008488723491296831,0.003602676273803397,0.0013097641764651543,0.006209008010346147,0.014829697665518561,0.001141507317523787,0.0008907716061601805,0.0003035221769138393,0.0003398128719796244,0.00283397336922813,0.0012239861699460258
2006,all,294950,0.09969486353619261,0.02949652483471775,0.005404305814544838,0.0054314290557721644,0.005953551449398203,0.0008306492625868791,0.006774029496524835,0.022159688082725885,0.00040684861840989997,0.011208679437192745,0.003570096626546872,0.0010713680284794034,0.007601288353958298,0.01940667909815223,0.0024885573826072217,0.0005967113070011866,0.000793354805899305,0.0006001017121546025,0.0037497880996779113,0.001647736904560095
2007,all,296370,0.09276242534669499,0.028757971454600666,0.006178088200560111,0.006235448932078146,0.004062489455747883,0.00012484394506866417,0.00405574113439282,0.019026892060599924,0.0004825049768869994,0.010773695043357965,0.0033134257853358975,0.0008772817761581806,0.007686338023416675,0.020541890204811553,0.0024158990451125283,0.000610723082633195,0.00047575665553193644,0.0007963019198974255,0.003367412356176401,0.001737692748928704
2008,all,258555,0.09752277078377913,0.03207054591866334,0.006439635667459535,0.008141401249250642,0.0033996635145326914,0.00024752953916961577,0.0018912803852178454,0.020811819535495348,0.0008238092475488774,0.014743478176790238,0.002297383535417996,0.0008624857380441299,0.003941134381466226,0.024509292026841486,0.0020962657848426834,0.0008972945794898571,0.00042544139544777704,0.0013768830616309876,0.0025526483726866626,0.0020653245924464815
2009,all,319587,0.09783877316661815,0.03387184084459005,0.005563430302233821,0.008545403911923826,0.005125364924105173,0.00014393576709941267,0.0021903268906432365,0.020792460269034724,0.0008761307562572946,0.012228282126619668,0.00316032879935667,0.0008917759483333177,0.005804366260204577,0.022613560626683814,0.003463845525631518,0.0005444526842456045,0.0005100332616783536,0.0005600978763216276,0.0021559074680759854,0.0026690697681695436
2010,all,342768,0.07983825794706623,0.02083625075853055,0.004548265882462774,0.008443028520748729,0.0025906735751295338,0.0007935396536432806,0.002418545488493675,0.021597698735004434,0.0009160715119264343,0.010281006394996033,0.0022901787798160853,0.0005688979134574989,0.004364468095038043,0.015579050553143818,0.0013303458899313822,0.0005193016851047939,0.0004697054567520889,0.0005047145591187042,0.0012865845119731131,0.001336180740325818
2011,all,345894,0.08324804708957079,0.023813653893967515,0.004102412877933702,0.007982214204351622,0.0032004024354281946,0.00010118706887081013,0.003839326498869596,0.02146611389616472,0.0008181697282982648,0.009844056271574529,0.003798851671321272,0.0006273598269990228,0.0037583768437729477,0.018005516140783013,0.0014570937917396658,0.00048569793057988864,0.0007805859598605353,0.0002226115515157823,0.0016074288654905839,0.001150641526016641
2012,all,308014,0.10246612166979419,0.03525164440577376,0.004275779672352555,0.00990214730499263,0.003649184777315317,0.00030193432766043103,0.003788788821287344,0.025398196185887654,0.001162284831208971,0.010986513600031167,0.003136221080859961,0.0010941061120598415,0.003350497055328654,0.02691111442986358,0.0016720019219905588,0.0006817871914912958,0.0005778958099307175,0.0005227035134766602,0.0020356217574525833,0.00301934327660431
2013,all,350589,0.08561592063641477,0.025762359914315622,0.0040988165629840066,0.007638573942707843,0.004284218843146818,0.00017399290907586947,0.0032830465302676353,0.021093074796984503,0.0006760052369013289,0.008462901003739422,0.006012738562818571,0.0016686205214653056,0.002786738887985647,0.017085533202696034,0.0025471420951598597,0.0006474818091839733,0.0006246630670100887,0.00033942878983653224,0.00234747810113837,0.0018454657733129106
2014,all,278961,0.09849405472449557,0.029566857015855263,0.004853725072680411,0.00773943311072157,0.005850280146687171,0.00025093113374270953,0.007703585805901183,0.023078494843365202,0.0007778865146023996,0.010359871093091865,0.0030255125268406693,0.00138729069654898,0.00546671398510903,0.018586827549370702,0.00310796132792756,0.000491108076039303,0.0003907356225422192,0.0004086592749524127,0.0029932499525023213,0.002021787991869831
2015,all,240621,0.10741788954413789,0.040773664808973445,0.004380332556177557,0.008012600728947182,0.005211515204408592,0.00017870426936967263,0.007148170774786905,0.019462141708329696,0.001616650250809364,0.010011594997942823,0.0036779832184223324,0.0018327577393494334,0.004185004633843264,0.03035479031339742,0.0029299188350144,0.0010888492691826564,0.0009184568262952942,0.0007148170774786905,0.003416160684229556,0.002277440456153037
2016,all,286274,0.12760152860546192,0.05851736448297785,0.005414393203713924,0.009040290071749443,0.0035385679453949714,0.00038075410271278567,0.0057916541495210885,0.018485786344551024,0.002071442045033779,0.012917694236989737,0.0018339073754514905,0.0030739780769472604,0.002525552442764624,0.048457072594786814,0.0023648672251060173,0.0005414393203713924,0.0014601395865499486,0.0015544548230017395,0.003992678343125816,0.004156856717690045
2017,all,252077,0.16168869036048505,0.07834510883579224,0.006101310313912019,0.008386326400266585,0.011099783002812632,0.0008291117396668478,0.010234967886796495,0.025412869877061373,0.0013487942176398481,0.014697889930457756,0.002856270107943208,0.002193774124573047,0.0029752813624408414,0.050167210812569175,0.012662797478548222,0.00046414389254077125,0.002701555477096284,0.0027491599788953373,0.0023921262154024364,0.004415317541862209
2018,all,243121,0.15626786661785697,0.07449788376981009,0.005630940971779484,0.008847446333307283,0.009332801362284624,0.000818522464122803,0.00910246338243097,0.024197827419268594,0.0014108201266036253,0.016292298896434285,0.005375923922655797,0.0014642914433553663,0.002204663521456394,0.05277618963396827,0.008954388966810766,0.0006992402959843041,0.0016987426014206917,0.0020894945315295677,0.0019373069376976896,0.003434503806746435
2019,all,219904,0.16677277357392317,0.07719277502910361,0.007284997089639115,0.01171420256111758,0.012041618160651921,0.00047748108265424915,0.01319212019790454,0.025629365541327123,0.0013005675203725262,0.015866014260768335,0.0033923894062863795,0.0020599898137369033,0.0031104481955762514,0.05632457799767171,0.003192302095459837,0.0005866196158323632,0.0020508949359720604,0.000995889115250291,0.0019190192083818395,0.005634276775320139
2020,all,221425,0.18801400022581005,0.07473410861465507,0.022219713221180985,0.014198938692559558,0.009149824997177375,0.00040645816868014,0.007171728576267359,0.04168454329908547,0.0024658462233261825,0.009465959128373039,0.0031387603025855256,0.002258100937111889,0.006367844642655527,0.055653155696059615,0.0034865078469007564,0.0008490459523540703,0.000934853787964322,0.0007813029242407136,0.0013367957547702383,0.0064446200745173305
2021,all,245157,0.1633320688375205,0.05835444225537105,0.014533543810700898,0.01513723858588578,0.0069424899146261375,0.0006118528126873799,0.010915454178342858,0.03357440334153216,0.0015214739942159515,0.009410296259131904,0.005310882414126457,0.0019089807755846254,0.005983920508082575,0.042066920381633,0.005457727089171429,0.0005792206626773864,0.0016397655380021782,0.0007301443564736067,0.0031204493447056377,0.003887304869940487
2022,all,213396,0.18969896342949255,0.07628540366267408,0.010314157716170875,0.01369753884796341,0.011312302011284185,0.0016823183189937955,0.01997225814916868,0.028599411422894523,0.0018510187632382988,0.012296387936043787,0.006021668634838516,0.0031865639468406154,0.006340325029522578,0.05509475341618399,0.005332808487506795,0.0008435022212225159,0.002179047404824833,0.0014292676526270409,0.0050000937224690244,0.004545539747699113
2023,all,219789,0.17809808498150503,0.06776044297030334,0.00920883210715732,0.012971531787305098,0.009572817565938242,0.0003867345499547293,0.01576057036521391,0.025137745747057405,0.002147514206807438,0.013758650341918841,0.008467211734891192,0.00245235202853646,0.006060357888702347,0.05106261004872855,0.0031393745819854497,0.0007188712810923204,0.0036671534972177863,0.0009736611022389656,0.008626455373107845,0.003985640773651092
2024,all,240910,0.17540575318583707,0.07276161222033124,0.00900751317919555,0.011033165912581463,0.007197708687891744,0.0005562243161346561,0.013648250383960815,0.02609273172554066,0.0015067867668423893,0.014827113859947698,0.009244116059939396,0.0019758416005977338,0.0045162093727948195,0.052716782200821884,0.0023660288074384625,0.0004566020505582998,0.0028807438462496366,0.0011830144037192313,0.005715827487443444,0.010481092524179154
2025,all,51050,0.16995102840352594,0.07808031341821743,0.007561214495592557,0.01396669931439765,0.009618021547502449,0.0006660137120470127,0.014691478942213516,0.02703232125367287,0.000959843290891283,0.012791380999020567,0.0033300685602350635,0.001802154750244858,0.00356513222331048,0.059353574926542606,0.004329089128305583,0.0008227228207639569,0.0012340842311459354,0.0006856023506366307,0.0027619980411361413,0.0047796278158667976
2000,clip,64248,0.2127381397086291,0.06806437554476404,0.015331216535923297,0.024280911468061262,0.010755198605404059,0.0028016436309301457,0.012280537915577138,0.047441165483750464,0.0008716224629560453,0.01386813597310422,0.004529323870003736,0.0011050927655335576,0.006194745361723322,0.0404214917195866,0.0025681733283526337,0.0006692815340555348,0.0022568795915826174,0.0015253393101730794,0.011517868260490598,0.014319511891420745
2001,clip,69787,0.20115494289767433,0.08328198661641853,0.011964979150844714,0.01769670569017152,0.01943055296831788,0.00022926906157307234,0.015418344390789115,0.033788527949331536,0.0010030521443821915,0.011262842649777179,0.004313124220843423,0.002722570106180234,0.008583260492641897,0.053906888102368634,0.005430810896012151,0.0008454296645507043,0.0011176866751687277,0.0008597589808990213,0.008067405104102483,0.004513734649719862
2002,clip,62399,0.1842337216942579,0.0775332938027853,0.008189233801823747,0.010817481049375792,0.01878235228128656,0.0007852689946954278,0.016410519399349347,0.03032099873395407,0.0010897610538630426,0.009311046651388644,0.006121892979054151,0.0025320918604464816,0.008621933043798779,0.04620266350422282,0.005064183720892963,0.0017628487636019807,0.0010577092581611884,0.0008012948925463549,0.008878347409413612,0.007484094296382955
2003,clip,54098,0.20623682945765098,0.08499389995933307,0.007708233206403194,0.008595511848866871,0.0225331805242338,0.0010166734444896298,0.024936226847572924,0.029132315427557395,0.0019409220303892936,0.008558541905430884,0.005434581685090022,0.0018300122000813339,0.019871344596842765,0.05270065436799882,0.006210950497245739,0.001090613331361603,0.0007763688121557174,0.0004990942363858183,0.009852489925690414,0.003549114569854708
2004,clip,82411,0.20201186734780552,0.08524347477885234,0.00979238208491585,0.012304182694057832,0.01479171469828057,0.0007280581475773865,0.011758139083374792,0.03213163291308199,0.0010314157090679642,0.010374828602977757,0.0037494994600235404,0.0020749657205955518,0.020506971156763053,0.059336739027557,0.0025846064238997223,0.0009222069869313563,0.001007147104148718,0.00214777153535329,0.00823919137008409,0.008530414629115045
2005,clip,122548,0.1377827463524497,0.0440970068870973,0.006332212684009531,0.0072951006952377846,0.008372229656950746,0.0004896040735058915,0.007352221170480139,0.034941410712537126,0.0005467245487482456,0.00931879753239547,0.0054182850801318665,0.002162417991317688,0.011913699121976694,0.030518653915200575,0.00261938179325652,0.0015177726278682638,0.00047328393772236185,0.0006201651597741294,0.005304044129647158,0.0025867415216894603
2006,clip,134063,0.16478819659413857,0.05458627660129939,0.008719780998485787,0.008764536076322327,0.010845647195721415,0.001573886903918307,0.01191230988415894,0.036221776329039335,0.0007384587843029024,0.012292728045769526,0.005020027897331852,0.0017529072152644653,0.013650298740144558,0.0358264398081499,0.004758956609952038,0.001021907610600986,0.0011561728441106048,0.0009547749938461768,0.006422353669543424,0.0031552329874760376
2007,clip,131237,0.153028490440958,0.05425299267736995,0.009981941068448684,0.010431509406645991,0.007886495424308693,0.00019811486090050824,0.007589323132957931,0.02995344300768838,0.0007010218154941061,0.011056333198716826,0.004640459626477289,0.0013791842239612305,0.013951858088801176,0.03836570479361765,0.004800475475666161,0.0008991366763946143,0.0007467406295480696,0.0012115485724300311,0.006034883455123174,0.003200316983777441
2008,clip,108547,0.15654048476696736,0.05937520152560642,0.01060370162233871,0.012971339604042488,0.006633071388430818,0.00036850396602393435,0.0037403152551429334,0.032575750596515796,0.0013818898725897538,0.013957087713156513,0.0028466931375348927,0.0014003150708909505,0.007793858881406211,0.04563000359291367,0.00303094512054686,0.0017411812394630896,0.0007001575354454753,0.0027914175426313028,0.004293071204178835,0.004081181423715073
2009,clip,139666,0.15685993727893688,0.06468288631449315,0.007947531969126344,0.014069279566966906,0.01018143284693483,0.00027923760972606076,0.0039666060458522475,0.031510890266779314,0.0017112253519109876,0.011011985737402087,0.0035584895393295434,0.0012959489066773587,0.010653988801855856,0.042737674165509144,0.006472584594675869,0.0009379519711311271,0.0006157547291395186,0.0009451119098420517,0.0036730485587043375,0.005291194707373305
2010,clip,132012,0.13165469805775232,0.041821955579795775,0.0064236584552919435,0.01543799048571342,0.005461624700784777,0.0017498409235524044,0.004711692876405175,0.03462564009332485,0.0019013423022149502,0.007559918795261037,0.002469472472199497,0.0010074841681059297,0.008991606823622095,0.03088355604035997,0.0027497500227252067,0.0009999090991728026,0.0006287307214495652,0.000909008271975275,0.002416446989667606,0.002727024815925825
2011,clip,127947,0.14922585132906596,0.05132593964688504,0.005791460526624306,0.014591979491508202,0.0069950839019281424,0.000211024877488335,0.008339390528890869,0.03806263530993302,0.0018054350629557552,0.008245601694451609,0.005556988440526155,0.0011801761666940217,0.008026761080760001,0.038844208930260186,0.002985611229649777,0.0010707558598482185,0.00131304368214964,0.0003595238653504967,0.0033451350950002737,0.0025010355850469336
2012,clip,119761,0.17724467898564644,0.07536677215454113,0.005252127153246884,0.0165412780454405,0.007790516111254916,0.0006178973121466921,0.008082764839972946,0.04254306493766752,0.0022461402292900026,0.007673616619767704,0.003815933400689707,0.0018703918637953925,0.006713370796837034,0.0575980494484849,0.003147936306477067,0.0012441445879710423,0.0008683962224764323,0.0008850961498317483,0.003523684671971677,0.006830270288324246
2013,clip,156896,0.12998419335100964,0.0473753314297369,0.00492683051193147,0.011944217825820926,0.008107281256373649,0.00033142973689577807,0.005761778502957373,0.03117988986334897,0.0011663777279216805,0.006322659596165613,0.007336069753212319,0.002912757495410973,0.004346828472363859,0.031077911482765654,0.004722873750764838,0.000917805425249847,0.0009433000203956761,0.000516265551703039,0.004002651437895167,0.0034672649398327553
2014,clip,100945,0.16588241121402747,0.06581801971370549,0.005240477487740849,0.014502947149437813,0.01399772153152707,0.000624102233889742,0.015364802615285552,0.03401852493932339,0.0015156768537322304,0.007528852345336569,0.0038535836346525335,0.002813413244836297,0.007380256575362822,0.04023973450889098,0.007310911882708405,0.0007033533112090742,0.0005052256179107435,0.0006934469265441577,0.005319728565060181,0.004269651790579028
2015,clip,81212,0.2023223168989804,0.09818745998128356,0.005073141900211791,0.014751514554499336,0.013027631384524455,0.00041865734127961385,0.01662315913904349,0.029687730877210265,0.003620154656947249,0.007708220460030537,0.006329113924050633,0.0038787371324434813,0.0060828448997685075,0.07273555632172585,0.007191055509038073,0.0015145544993350737,0.0014653006944786485,0.0009358222922720781,0.006045904546126188,0.005233216765995173
2016,clip,109131,0.2186088279224052,0.12588540378077723,0.004966508141591298,0.014093154099201876,0.007138210041143213,0.0006505942399501517,0.01240710705482402,0.02736161127452328,0.003417910584526853,0.005708735373083725,0.002648193455571744,0.005928654552785185,0.004242607508407327,0.10571698234232253,0.003811932448158635,0.0008796767188058389,0.0022266816944772794,0.0023549678826364643,0.00583702156124291,0.009218278949152853
2017,clip,104904,0.2699801723480516,0.15912643941127125,0.003955997864714405,0.013011896591169069,0.021438648669259514,0.001639594295737055,0.019961107298101122,0.03981735682147487,0.0021543506443986882,0.006224738808815679,0.002688172043010753,0.003813009990086174,0.00428010371387173,0.10210287500953252,0.02674826508045451,0.000657744223289865,0.003813009990086174,0.004966445512087241,0.003870205139937467,0.008836650652024708
2018,clip,103274,0.253732788504367,0.15009586149466467,0.0034180916784476247,0.014195247593779653,0.018068439297403024,0.0015589596607084068,0.017100141371497183,0.03794759571624998,0.002294866084396847,0.006419815248755737,0.004880221546565447,0.002294866084396847,0.002992040591049054,0.10665801653852858,0.01870751592850088,0.0011716404903460696,0.002352963959951198,0.003582702325851618,0.003427774657706683,0.0066618897302321975
2019,clip,103777,0.2550372433198107,0.14355782109716025,0.005540726750628752,0.018086859323356814,0.022037638397718183,0.0008383360474864373,0.02372394653921389,0.036135174460622296,0.002062113955886179,0.005935804658064889,0.0030449907012151055,0.003324436050377251,0.004413309307457336,0.10526417221542346,0.005839444192836563,0.0008961523266234329,0.0031220790733977664,0.0017055802345413724,0.0026499127937789683,0.010416566291182055
2020,clip,107492,0.27261563651248466,0.12526513601012168,0.021722546794180033,0.018913035388680086,0.014763889405723216,0.0006605142708294571,0.012270680608789492,0.06233952294124214,0.004084024857663827,0.004511963681018122,0.0037491162132995944,0.0038142373385926394,0.009777471811855766,0.09389535965467198,0.006344658207122391,0.0010326349867897146,0.0013861496669519593,0.0010047259330926953,0.002083876009377442,0.0102612287426041
2021,clip,115289,0.24858399326908898,0.1015101180511584,0.01463279237394721,0.02265610769457624,0.0115535740617058,0.001170970344091804,0.01991516970396135,0.049744554987899973,0.0026802210098101293,0.006028328808472621,0.007528905619790266,0.0032093261282516113,0.009706043074360954,0.07361500229857142,0.010000954123984074,0.0007806468960612027,0.0021858113089713678,0.0010582102368829637,0.0057767870308529,0.006340587566897102
2022,clip,109338,0.26957690830269443,0.12620497905577202,0.009877627174449871,0.01783460462053449,0.017541934185735974,0.00290841244581024,0.03006274122445993,0.03826665934990579,0.002963288152334961,0.007161279701476156,0.006905193071027456,0.005149170462236368,0.008085020761308969,0.09324297133658929,0.008341107391757668,0.0012438493478936874,0.002880974592547879,0.0021035687501143245,0.007929539592822258,0.0070789661416890744
2023,clip,111798,0.25193652838154523,0.11479632909354372,0.01001806830175853,0.018300864058391028,0.01542066942163545,0.00047406930356535897,0.024991502531351188,0.03356052881089107,0.003542102720978908,0.0061718456501905225,0.008846312098606415,0.004007227320703411,0.007960786418361688,0.08866884917440383,0.0043113472512925095,0.0009302491994490062,0.004105619062952826,0.001305926760764951,0.012925097050036673,0.006395463246211918
2024,clip,113680,0.26008972554539056,0.13201970443349753,0.008453553835327234,0.015816326530612244,0.012385643912737509,0.000844475721323012,0.02438423645320197,0.034421182266009855,0.0023574947220267417,0.006500703729767769,0.010318437719915552,0.003070021111893033,0.00586734693877551,0.09655172413793103,0.0034218859957776213,0.0007565095003518649,0.0039057002111189303,0.001715341308937368,0.009658691062631949,0.019660450387051373
2025,clip,24653,0.24662312903094963,0.13535877986451952,0.005516569991481767,0.020727700482699875,0.016225205857299314,0.001135764410010952,0.024459497829878718,0.036628402222853206,0.0013385794832271934,0.005313754918265526,0.003528982273962601,0.0025960329371678905,0.0033261672007463593,0.10376019145742911,0.007747535796860423,0.0012574534539406968,0.0011763274246542003,0.0007706972782217175,0.0034884192593193524,0.007625846752930678
2000,live,142568,0.052150552718702614,0.00841002188429381,0.0034018854160821504,0.0042646316143875205,0.0015501374782559902,0.00013326973794961002,0.0007926042309634701,0.02080410751360754,0.00018938331182313,0.00855030581897761,0.00128359800235677,0.00021744009875989003,0.00122748442848325,0.004994108074743281,0.00061724931260872,7.01419673419e-05,0.00029459626283598003,0.00023146849222827003,0.00227961393861175,0.0012485270186858202
2001,live,180740,0.041291357751466196,0.009394710634059975,0.0030319796392608168,0.003363948212902512,0.002744273542104681,1.6598428682084763e-05,0.001964147394046697,0.011314595551621114,0.00017151709638154255,0.005720925085758548,0.0015879163439194424,0.0005145512891446276,0.002262919110324223,0.005449817417284497,0.0007413964811331194,0.00013832023901737302,0.0005090184795839328,0.00023237800154918669,0.0010678322452141197,0.00045922319353767843
2002,live,194443,0.030723656804307664,0.005986330184167082,0.002031443662152919,0.0018668710110417964,0.0014502964879167673,7.20005348611161e-05,0.0018668710110417964,0.00809491727652834,0.0001748584418055677,0.0047520353008336635,0.0017794417901390125,0.00046286058125003215,0.0015068683367362157,0.0035640264756252476,0.0005348611161111482,0.0002520018720139064,0.0005605755928472612,0.00018514423250001286,0.0011314369763889675,0.00043714610451391924
2003,live,177512,0.035783496327008835,0.005672855919599802,0.002535039884627518,0.001746360809410068,0.0018477624047951687,6.196764162422822e-05,0.0025181396187300012,0.009075442786966516,0.0002478705664969129,0.006236198116183695,0.001825228716931813,0.00039997295957456397,0.0033913200234350353,0.003250484474289062,0.0003323718959844968,0.00016336923700932895,0.00035490558384785253,0.00022533687863355716,0.0013294875839379872,0.00024223714453107395
2004,live,171140,0.03660745588407155,0.0065560359939231035,0.003155311440925558,0.0028280939581629074,0.0015133808577772584,5.84316933504733e-05,0.0010692999883136613,0.008998480775972888,0.00026294262007712984,0.007531845272876008,0.0015718125511277317,0.0004557672081336917,0.0020626387752717074,0.0041953955825639825,0.00036227649877293444,0.0001402360640411359,0.0002687857894121772,0.0005083557321491176,0.0011394180203342292,0.00048498305480892837
2005,live,180560,0.03582742578644216,0.005865086397873283,0.0024977846699158176,0.0018498006202924235,0.0012461231723526805,8.861320336730173e-05,0.0010301284891448825,0.008999778466991583,0.0001716880815241471,0.007925343376163048,0.002370403190075321,0.0007310589277802393,0.002337173238812583,0.00418143553389455,0.00013845813026140894,0.00046521931767833406,0.00018830305715551618,0.00014953478068232165,0.0011575099689853788,0.0002990695613646433
2006,live,160887,0.045454262929882416,0.008589879853561817,0.002641605598960761,0.0026540366841323413,0.001877093860908588,0.0002113284479168609,0.002492432576901801,0.010442111544127245,0.00013052639430159057,0.010305369607239864,0.00236190618260021,0.0005034589494489921,0.002560803545345491,0.005724514721512614,0.0005966920882358426,0.00024240616084581103,0.0004910278642774121,0.0003045615867037113,0.0015228079335185564,0.00039157918290477165
2007,live,165133,0.044866864890724445,0.008496181865526576,0.0031550326100779373,0.002900692169342288,0.001023417487722018,6.661297257362247e-05,0.0012474793045605663,0.010343177923249744,0.0003088419637504315,0.010549072565750032,0.002258785342723744,0.00047840225757419776,0.0027069089764008404,0.006376678192729497,0.0005207923310301393,0.00038151066110347415,0.00026039616551506967,0.0004662908080153573,0.0012474793045605663,0.0005752938540449213
2008,live,150008,0.054817076422590816,0.012312676657244948,0.0034264839208575544,0.004646418857660925,0.001059943469681617,0.0001599914671217535,0.0005533038237960642,0.0122993440349848,0.000419977601194603,0.015312516665777825,0.001899898672070823,0.00047330809023518746,0.0011532718255026398,0.009226174604021118,0.0014199242707055623,0.0002866513785931417,0.00022665457842248413,0.00035331448989387235,0.0012932643592341742,0.0006066343128366487
2009,live,179921,0.05202283224304005,0.009954368861889384,0.0037127405917041366,0.004257424091684684,0.0012005268979163077,3.890596428432479e-05,0.0008114672550730599,0.012472140550574974,0.00022787779080818803,0.01317244790769282,0.0028512513825512307,0.0005780314693671112,0.002039784127478171,0.00699195758138294,0.0011282729642454188,0.00023899378060370942,0.00042796560712757265,0.00026122576019475217,0.0009782071020058803,0.000633611418344718
2010,live,210756,0.04738180644916401,0.007691358727628158,0.0033735694357456014,0.004061568828408206,0.0007923855074114142,0.00019453775930459869,0.0009821784433183397,0.013437339862210329,0.0002989238740534077,0.011985423902522349,0.0021778739395319708,0.0002941790506557346,0.0014661504298809998,0.005992711951261174,0.0004412685759836019,0.00021826187629296438,0.0003700962250185048,0.00025147564007667637,0.0005788684545161229,0.0004649926929719676
2011,live,217947,0.04451540970970003,0.00766241333902279,0.003110848050214043,0.004101914685680464,0.00097271354962445,3.670617168394151e-05,0.0011975388511885918,0.01172303358155882,0.0002385901159456198,0.010782437932157819,0.002766727690677091,0.0003028259163925174,0.001252598108714504,0.005772045497299802,0.0005597691181801081,0.00014223641527527335,0.00046800368897025426,0.00014223641527527335,0.0005872987469430641,0.0003578851739184297
2012,live,188253,0.054894211513229485,0.009731584622821416,0.003654656233897999,0.005678528363425815,0.0010145920649338922,0.00010092800645939241,0.0010570880676536362,0.014491136927432764,0.0004727680302571539,0.013094080838021174,0.0027038081730437233,0.0006002560384163865,0.001211136077512709,0.007388992472895518,0.000733056046915587,0.00032403202073804933,0.0003930880251576336,0.0002921600186982412,0.0010889600696934445,0.0005949440380764185
2013,live,193693,0.04967655000438842,0.008255331891188633,0.003428105300656193,0.004150898586939125,0.001187446113179103,4.646528268961707e-05,0.0012752138693706019,0.012922511396901282,0.00027879169613770246,0.01019654814577708,0.004940808392662616,0.0006608395760301095,0.001523028710381893,0.005751369435137047,0.0007847469965357551,0.0004285131625820241,0.00036655945232920136,0.00019618674913393877,0.00100674779160837,0.0005317693463367287
2014,live,178016,0.060281098328240135,0.009010426029120978,0.004634414884055366,0.0039041434477799747,0.0012302264964946972,3.932230810713644e-05,0.0033592486068667986,0.016874887650548266,0.0003595182455509617,0.011965216609742944,0.0025559500269638686,0.000578599676433579,0.004381628617652346,0.0063084217149020315,0.0007246539636886572,0.0003707531907244293,0.00032581341003055903,0.00024716879381628617,0.0016740068308466656,0.0007471238540355923
2015,live,159409,0.05906818310133055,0.011523816095703505,0.004027376120545264,0.004579415214950222,0.001229541619356498,5.645854374596165e-05,0.0023210734651117567,0.014252645710091652,0.0005959512950962618,0.011185064833227735,0.0023273466366390857,0.000790419612443463,0.0032181369935198136,0.008763620623678713,0.0007590537548068177,0.000871970842298741,0.0006398634957875654,0.0006022244666235908,0.0020764197755459225,0.0007716000978614759
2016,live,177143,0.07153542618110786,0.017014502407659348,0.005690317991679039,0.0059274145746656655,0.001320966676639777,0.00021451595603551933,0.0017161276482841547,0.013017731437313357,0.0012419344823109014,0.017358856968663735,0.0013322569901153306,0.001315321519902,0.0014677407518219744,0.013181440982708886,0.001473385908559751,0.00033306424752883266,0.0009879024291109442,0.0010612894667020429,0.002856449309315073,0.0010387088397509356
2017,live,147173,0.08449919482513779,0.020764678303764956,0.007630475698667555,0.005089248707303649,0.0037303037921357857,0.0002514048093060548,0.0033022361438579087,0.015145441079545841,0.0007745986016456823,0.0207374994054616,0.0029760893642176212,0.0010395928601034158,0.002045212097327635,0.013147792054249081,0.002622763686273977,0.00032614677964028726,0.0019093176058108485,0.0011686926270443627,0.0013385607414403457,0.0012638187711061133
2018,live,139847,0.084292119244603,0.018670404084463736,0.007265082554505996,0.004898210186847054,0.0028817207376633036,0.00027172552861341325,0.0031963502971104137,0.014043919426230095,0.0007579712113953106,0.023582915614922022,0.005741989459909758,0.0008509299448683204,0.0016232024998748633,0.012985619998998906,0.0017519145923759537,0.00035038291847519075,0.0012156142069547433,0.000986792709175027,0.0008366286012570881,0.0010511487554255722
2019,live,116127,0.08789514927622344,0.017885590775616352,0.00884376587701396,0.006019272003926736,0.0031086655127575843,0.00015500271254746957,0.0037803439337966193,0.016240839770251536,0.0006200108501898783,0.024740155174937783,0.0037028425775228846,0.0009300162752848175,0.0019461451686515626,0.012589664763577807,0.0008266811335865044,0.00031000542509493915,0.00109363024964048,0.0003616729959440957,0.0012658554858043349,0.0013605793656944552
2020,live,113933,0.10819516733518819,0.02705976319415797,0.022688773226369884,0.009751345088780249,0.003853141758752951,0.00016676467748589084,0.0023610367496686648,0.02219725628220094,0.0009391484468942274,0.014139889233145797,0.00256290978030948,0.0007899379459857987,0.0031509746956544637,0.019572906883870346,0.0007899379459857987,0.0006758357982322945,0.0005090711207464036,0.0005705107387675212,0.0006319503567886389,0.002843776605548875
2021,live,129868,0.08765053746881446,0.02004342871223088,0.014445436905165246,0.008462438783996058,0.0028490467243662797,0.0001155018942310654,0.00292604798718699,0.019219515200049282,0.0004928080820525457,0.012412603566698493,0.0033418548064188254,0.0007546123756429605,0.002679643946160717,0.014060430591061693,0.0014245233621831398,0.00040040656666769336,0.0011550189423106538,0.0004389071980780485,0.0007623125019250316,0.0017094280346197678
2022,live,104058,0.10576793711199528,0.0238328624420996,0.01077283822483615,0.009350554498452786,0.004766572488419919,0.0003940110323089047,0.009369774548809318,0.01844163831709239,0.0006823117876568836,0.017692056353187647,0.005093313344480962,0.001124372945857118,0.004507101808606738,0.015010859328451441,0.0021718656902881086,0.00042284110784370253,0.001441503776739895,0.0007207518883699475,0.0019220050356531934,0.0018835649349401296
2023,live,107991,0.10165661953310923,0.0190664036817883,0.008371067959366985,0.007454324897445157,0.0035188117528312545,0.00029632098971210565,0.006204220722097212,0.016418034836236352,0.0007037623505662509,0.021612912187126705,0.008074746969654878,0.0008426628144938004,0.004092933670398459,0.012130640516339325,0.0019260864331286866,0.0005000416701391783,0.0032132307321906454,0.0006296821031382245,0.004176273948754989,0.0014908649794890315
2024,live,127230,0.09974062721056354,0.019814509156645444,0.009502475831171893,0.006759412088343944,0.0025622887683722393,0.0002986716969268254,0.004055647253006367,0.01865126149493044,0.0007466792423170635,0.022266760984044644,0.008284209698970368,0.0009981922502554428,0.003308968010689303,0.013550263302680185,0.001422620451151458,0.00018863475595378448,0.0019649453745185885,0.0007073803348266918,0.0021928790379627445,0.0022793366344415625
2025,live,26397,0.09834450884570212,0.02458612721142554,0.009470773193923553,0.0076523847406902296,0.003447361442588173,0.00022729855665416524,0.005568814638027049,0.018070235254006136,0.0006061294844111073,0.019774974428912375,0.003144296700382619,0.0010607265977194379,0.0037883092775694207,0.017880819790127667,0.0011364927832708263,0.0004167140205326363,0.001288025154373603,0.0006061294844111073,0.002083570102663181,0.0021214531954388757
