year,mode,rank,canonical_id,n_turns,share
2000,all,1,al gore,2487,0.012025181804115735
2000,all,2,william j clinton,2191,0.010593957914281294
2000,all,3,robert novak,1523,0.007364033730465728
2000,all,4,jonathan mann,1412,0.006827324771777812
2000,all,5,margaret carlson,1093,0.005284890917530559
2000,all,6,colleen mcedwards,1052,0.005086647067925112
2000,all,7,david boies,911,0.004404881633916138
2000,all,8,laura bush,818,0.0039552065604208575
2000,all,9,joe lockhart,802,0.003877843106916293
2000,all,10,tucker carlson,787,0.0038053148692557635
2000,all,11,george w. bush,777,0.003756962710815411
2000,all,12,janet reno,764,0.003694104904842952
2000,all,13,michael holmes,758,0.0036650936097787404
2000,all,14,phil beck,744,0.0035974005879622468
2000,all,15,richard roth,743,0.0035925653721182115
2001,all,1,george w. bush,6632,0.026472196609547076
2001,all,2,ari fleischer,4455,0.01778251445951933
2001,all,3,donald rumsfeld,2281,0.009104807066703389
2001,all,4,nathaniel brazill,1618,0.006458385722896135
2001,all,5,robert novak,1524,0.006083176663593146
2001,all,6,john ashcroft,1444,0.005763849804611879
2001,all,7,colin powell,1292,0.00515712877254747
2001,all,8,ok,1231,0.004913642042574253
2001,all,9,jonathan mann,1096,0.004374777968043365
2001,all,10,robert udell,1046,0.004175198681180072
2001,all,11,margaret carlson,970,0.0038718381651478683
2001,all,12,al hunt,947,0.003780031693190754
2001,all,13,richard butler,911,0.0036363346066491833
2001,all,14,mark geragos,861,0.0034367553197858914
2001,all,15,laura bush,831,0.003317007747667916
2002,all,1,george w. bush,4497,0.017508818651155184
2002,all,2,ari fleischer,2900,0.01129098823401157
2002,all,3,donald rumsfeld,2770,0.010784840485590363
2002,all,4,robert novak,1600,0.006229510749799488
2002,all,5,ok ok,1585,0.006171109086520118
2002,all,6,al hunt,1387,0.005400207131232431
2002,all,7,andy serwer,1190,0.004633198620163369
2002,all,8,margaret carlson,1127,0.004387911634390014
2002,all,9,cliff may,1037,0.0040375016547137925
2002,all,10,colin powell,1004,0.003909017995499179
2002,all,11,donna brazile,958,0.0037299195614424433
2002,all,12,james bone,927,0.003609222790665078
2002,all,13,charles moose,897,0.0034924194641063376
2002,all,14,kate o'beirne,873,0.0033989768028593456
2002,all,15,john ashcroft,869,0.0033834030259848468
2003,all,1,george w. bush,4904,0.02117352445922024
2003,all,2,andy serwer,3939,0.01700703769267303
2003,all,3,ari fleischer,2378,0.010267259617460386
2003,all,4,nancy grace,2050,0.008851085877121023
2003,all,5,donald rumsfeld,2019,0.008717240188247485
2003,all,6,robert novak,1644,0.007098139113164371
2003,all,7,colin powell,1424,0.006148266482448944
2003,all,8,al hunt,1291,0.0055740253011527996
2003,all,9,margaret carlson,1087,0.004693234316307586
2003,all,10,kate o'beirne,869,0.003751996891325936
2003,all,11,chris pixley,810,0.0034972583221795257
2003,all,12,andy borowitz,769,0.0033202366046371054
2003,all,13,cliff may,768,0.0033159190017702173
2003,all,14,richard clarke,744,0.003212296532964898
2003,all,15,donna brazile,737,0.0031820733128966796
2004,all,1,george w. bush,8104,0.031962011587412395
2004,all,2,andy serwer,7403,0.029197281809182372
2004,all,3,sarah bernard,2494,0.009836285402147892
2004,all,4,andy borowitz,1839,0.007252978690677615
2004,all,5,donald rumsfeld,1655,0.0065272864236386365
2004,all,6,bob novak,1632,0.006436574890258765
2004,all,7,al hunt,1365,0.005383532307109812
2004,all,8,margaret carlson,1195,0.004713055756041191
2004,all,9,kolo toure,1191,0.004697279837192517
2004,all,10,b j sigesmund,1181,0.004657840040070834
2004,all,11,condoleezza rice,1169,0.004610512283524814
2004,all,12,colin powell,1154,0.0045513525878422886
2004,all,13,kate o'beirne,1004,0.003959755631017034
2004,all,14,jayne weintraub,911,0.0035929655177853767
2004,all,15,allen wastler,892,0.003518029903254178
2005,all,1,andy serwer,7215,0.023803396809058158
2005,all,2,george w. bush,6469,0.021342227852778548
2005,all,3,andy borowitz,1154,0.0038072238278105495
2005,all,4,donald rumsfeld,1047,0.003454214339443367
2005,all,5,condoleezza rice,978,0.0032265727067579872
2005,all,6,owen lafave,925,0.0030517175396228406
2005,all,7,scott mcclellan,878,0.0028966572970690317
2005,all,8,george h w bush,856,0.0028240759069374614
2005,all,9,anne bremner,806,0.0026591182020929832
2005,all,10,bob novak,751,0.002477664726764058
2005,all,11,dannielle romano,712,0.002348997716985365
2005,all,12,jessica hahn,684,0.0022566214022724574
2005,all,13,jessica shaw,652,0.0021510484711719916
2005,all,14,allen wastler,621,0.002048774694168415
2005,all,15,bill clinton,613,0.0020223814613932987
2006,all,1,george w. bush,8659,0.0293575182234277
2006,all,2,andy serwer,6181,0.020956094253263266
2006,all,3,donald rumsfeld,1797,0.006092558060688252
2006,all,4,tony snow,1772,0.006007797931852857
2006,all,5,angelina jolie,1080,0.0036616375656891
2006,all,6,condoleezza rice,1073,0.003637904729615189
2006,all,7,jack hanna,944,0.0032005424648245467
2006,all,8,david gergen,914,0.0030988303102220715
2006,all,9,harvey levin,819,0.0027767418206475674
2006,all,10,sharon rocha,813,0.0027563993897270723
2006,all,11,al sharpton,743,0.0025190710289879643
2006,all,12,scott mcclellan,741,0.0025122902186811326
2006,all,13,liam neeson,718,0.0024343109001525682
2006,all,14,will ferrell,715,0.0024241396846923207
2006,all,15,john bolton,710,0.0024071876589252415
2007,all,1,george w. bush,4969,0.016766204406653846
2007,all,2,ok ok,1447,0.004882410500388028
2007,all,3,tony snow,1278,0.0043121773458852115
2007,all,4,al sharpton,1229,0.00414684347268617
2007,all,5,harvey levin,845,0.002851165772514087
2007,all,6,avery friedman,845,0.002851165772514087
2007,all,7,robert zimmerman,829,0.0027971792016735835
2007,all,8,paris hilton,800,0.0026993285420251712
2007,all,9,richard herman,774,0.0026116003644093533
2007,all,10,terri irwin,772,0.00260485204305429
2007,all,11,kathy griffin,747,0.002520498026116004
2007,all,12,amy holmes,713,0.002405776563079934
2007,all,13,errol louis,665,0.0022438168505584236
2007,all,14,diana west,657,0.002216823565138172
2007,all,15,dave karsnia,657,0.002216823565138172
2008,all,1,barack obama,3183,0.012310726924638858
2008,all,2,george w. bush,2870,0.011100152772137457
2008,all,3,john mccain,2348,0.009081239968285278
2008,all,4,michelle obama,2200,0.008508827908955541
2008,all,5,rob marciano,1601,0.006192106128289919
2008,all,6,bill clinton,1580,0.006110885498249889
2008,all,7,ok ok,1534,0.005932973641971728
2008,all,8,ben stein,1508,0.0058324147666840714
2008,all,9,cindy anthony,1365,0.005279340952601961
2008,all,10,casey anthony,1332,0.0051517085339676276
2008,all,11,kathy griffin,1256,0.004857767206203709
2008,all,12,hillary clinton,1163,0.004498075844597861
2008,all,13,robert zimmerman,1108,0.004285355146873972
2008,all,14,ed rollins,1092,0.004223472762081569
2008,all,15,jamal simmons,889,0.0034383400050279436
2009,all,1,barack obama,12542,0.03924439980349639
2009,all,2,robert gibbs,3567,0.011161280027034893
2009,all,3,rob marciano,2750,0.008604855641812714
2009,all,4,cindy anthony,1909,0.005973334334625626
2009,all,5,ok ok,1681,0.005259913575958972
2009,all,6,jermaine jackson,1562,0.004887558004549622
2009,all,7,casey anthony,1545,0.004834364351491143
2009,all,8,kathy griffin,1302,0.00407400801659642
2009,all,9,avery friedman,1163,0.003639071676882977
2009,all,10,michelle obama,866,0.002709747267567204
2009,all,11,hillary clinton,863,0.00270036015232159
2009,all,12,barack h obama,822,0.0025720695772982003
2009,all,13,michael steele,818,0.002559553423637382
2009,all,14,jacqui jeras,762,0.002384327272385923
2009,all,15,richard herman,759,0.0023749401571403093
2010,all,1,barack obama,5912,0.01724781776595248
2010,all,2,chad myers,3678,0.010730289875367595
2010,all,3,rob marciano,3429,0.010003851001260328
2010,all,4,jacqui jeras,2302,0.006715912803995705
2010,all,5,misty croslin,2184,0.0063716566307239885
2010,all,6,reynolds wolf,1905,0.005557695000700182
2010,all,7,kathy griffin,1667,0.0048633478037623116
2010,all,8,pete dominick,1650,0.004813751575409607
2010,all,9,avery friedman,1207,0.003521332213042058
2010,all,10,robert gibbs,1106,0.0032266722681230453
2010,all,11,richard herman,1087,0.0031712411893759043
2010,all,12,george w. bush,916,0.002672361480651636
2010,all,13,willie nelson,873,0.0025469121971712647
2010,all,14,shirley sherrod,845,0.002465224291649162
2010,all,15,cornell belcher,778,0.0022697568034355598
2011,all,1,barack obama,5135,0.014845588532903143
2011,all,2,rob marciano,3223,0.009317883513446316
2011,all,3,reynolds wolf,2986,0.0086327025042354
2011,all,4,jacqui jeras,2621,0.007577465928868382
2011,all,5,casey anthony,2419,0.006993471988528278
2011,all,6,cindy anthony,2122,0.006134827432681689
2011,all,7,chad myers,2062,0.005961363886046014
2011,all,8,donald trump,1672,0.00483385083291413
2011,all,9,jean casarez,1544,0.004463795266758024
2011,all,10,jose baez,1393,0.004027245341058243
2011,all,11,richard herman,1271,0.003674536129565705
2011,all,12,charlie sheen,1135,0.003281352090524843
2011,all,13,holly hughes,1083,0.003131017016773925
2011,all,14,george anthony,1054,0.003047176302566682
2011,all,15,avery friedman,1038,0.003000919356797169
2012,all,1,barack obama,8217,0.026677358821352276
2012,all,2,chad myers,2502,0.008123007395767726
2012,all,3,rob marciano,2119,0.006879557422714552
2012,all,4,mitt romney,2108,0.006843844760303103
2012,all,5,reynolds wolf,1293,0.004197861136182122
2012,all,6,ann romney,1030,0.0033440038439811175
2012,all,7,stephen moore,1015,0.0032953047588745966
2012,all,8,holly hughes,987,0.0032043998000090904
2012,all,9,jack hanna,901,0.002925191712065036
2012,all,10,bill clinton,898,0.0029154518950437317
2012,all,11,avery friedman,885,0.002873246021284747
2012,all,12,richard herman,804,0.002610270961709533
2012,all,13,joe biden,770,0.002499886368801418
2012,all,14,former gov mitt romney,767,0.0024901465517801137
2012,all,15,lisa bloom,767,0.0024901465517801137
2013,all,1,jodi arias,8705,0.024829643827958093
2013,all,2,barack obama,7220,0.02059391481193078
2013,all,3,juan martinez,4465,0.012735710475799298
2013,all,4,mark o'mara,3878,0.011061385268790521
2013,all,5,bernie de la rionda,2584,0.0073704537221647
2013,all,6,indra petersons,2407,0.006865589051567505
2013,all,7,don west,2361,0.006734381284067669
2013,all,8,chad myers,2033,0.0057988128549384035
2013,all,9,rachel jeantel,1914,0.005459384065101871
2013,all,10,frank taaffe,1504,0.00428992352869029
2013,all,11,andy scholes,1417,0.004041769707549296
2013,all,12,alyce laviolette,1376,0.003924823653908138
2013,all,13,jay carney,1374,0.003919118968364666
2013,all,14,mark eiglarsh,1257,0.003585394864071605
2013,all,15,george zimmerman,1211,0.0034541870965717693
2014,all,1,barack obama,5319,0.019067181433963888
2014,all,2,indra petersons,2010,0.007205308268897803
2014,all,3,anthony bourdain,1339,0.00479995411544983
2014,all,4,ok ok,1271,0.004556192442671198
2014,all,5,susan sarandon,1243,0.004455819989174114
2014,all,6,anahita sedaghatfar,1242,0.004452235258692075
2014,all,7,chad myers,1217,0.004362616996641108
2014,all,8,donald sterling,1166,0.004179795742057134
2014,all,9,judy ho,1084,0.0038858478425299594
2014,all,10,michael dunn,1024,0.003670764013607637
2014,all,11,vanessa barnett,1000,0.003584730482038708
2014,all,12,leeann tweeden,979,0.003509451141915895
2014,all,13,john kerry,923,0.0033087062349217273
2014,all,14,josh earnest,898,0.00321908797287076
2014,all,15,jodi arias,863,0.003093622405999405
2015,all,1,donald trump,4392,0.01825277095515354
2015,all,2,barack obama,4342,0.01804497529309578
2015,all,3,vanessa barnett,1714,0.007123235295339974
2015,all,4,judy ho,1652,0.006865568674388353
2015,all,5,ok ok,1501,0.006238025774973921
2015,all,6,areva martin,1468,0.006100880638015801
2015,all,7,josh earnest,1036,0.004305526117836764
2015,all,8,hillary clinton,976,0.004056171323367453
2015,all,9,harry houck,961,0.003993832624750126
2015,all,10,segun oduolowu,949,0.0039439616658562635
2015,all,11,brian rogers,860,0.0035740853873934527
2015,all,12,jeb bush,827,0.003436940250435332
2015,all,13,pedram javaheri,822,0.003416160684229556
2015,all,14,jonathan gilliam,794,0.003299795113477211
2015,all,15,john kerry,741,0.003079531711695987
2016,all,1,donald trump,16219,0.05665551185228138
2016,all,2,barack obama,6689,0.0233657265417048
2016,all,3,hillary clinton,5336,0.018639485248398386
2016,all,4,kellyanne conway,2748,0.009599195176648945
2016,all,5,bernie sanders,1696,0.00592439411193472
2016,all,6,jeffrey lord,1625,0.005676379971635566
2016,all,7,kayleigh mcenany,1587,0.005543640009221934
2016,all,8,melania trump,1561,0.005452817929675765
2016,all,9,sean spicer,1533,0.0053550095363183526
2016,all,10,boris epshteyn,1494,0.005218776416999099
2016,all,11,katrina pierson,1327,0.004635419213760244
2016,all,12,rudy giuliani,1275,0.004453775054667906
2016,all,13,scottie nell hughes,1274,0.004450281897762283
2016,all,14,ted cruz,1250,0.004366446132027358
2016,all,15,bill clinton,1231,0.004300076150820543
2017,all,1,donald trump,24265,0.09626026967950269
2017,all,2,sean spicer,7956,0.031561784692772446
2017,all,3,sarah huckabee sanders,3359,0.013325293461918382
2017,all,4,kellyanne conway,2658,0.010544397148490342
2017,all,5,jeff sessions,2061,0.008176073183987432
2017,all,6,james comey,1540,0.0061092443975451945
2017,all,7,mike pence,1499,0.005946595683065095
2017,all,8,rex tillerson,1435,0.005692705006803476
2017,all,9,anthony scaramucci,1267,0.005026241981616728
2017,all,10,barack obama,1193,0.004732680887189232
2017,all,11,nikki haley,1077,0.004272504036465049
2017,all,12,jack kingston,1049,0.0041614268656005905
2017,all,13,james clapper,1018,0.004038448569286369
2017,all,14,theresa may,829,0.0032886776659512766
2017,all,15,alan dershowitz,825,0.0032728094986849256
2018,all,1,donald trump,24829,0.10212610181761345
2018,all,2,sarah huckabee sanders,3488,0.014346765602313252
2018,all,3,rudy giuliani,2814,0.01157448348764607
2018,all,4,michael avenatti,2420,0.009953891272247153
2018,all,5,kellyanne conway,2382,0.009797590500203603
2018,all,6,sarah sanders,1878,0.007724548681520724
2018,all,7,mike pompeo,1495,0.006149201426450204
2018,all,8,anthony scaramucci,1335,0.0054910929125826236
2018,all,9,michael cohen,1321,0.00543350841761921
2018,all,10,brett kavanaugh,1149,0.004726041765211561
2018,all,11,james comey,1012,0.0041625363502124455
2018,all,12,karen mcdougal,899,0.003697747212293467
2018,all,13,barack obama,892,0.0036689549648117603
2018,all,14,michael caputo,865,0.0035578991530966064
2018,all,15,peter strzok,822,0.003381032489994694
2019,all,1,donald trump,23242,0.10569157450523865
2019,all,2,rudy giuliani,2526,0.011486830616996508
2019,all,3,william barr,2356,0.010713766006984865
2019,all,4,joe biden,1500,0.0068211583236321306
2019,all,5,mike pompeo,1372,0.0062390861466821886
2019,all,6,kellyanne conway,1181,0.005370525320139697
2019,all,7,boris johnson,1024,0.004656577415599534
2019,all,8,michael cohen,1014,0.00461110302677532
2019,all,9,mick mulvaney,924,0.0042018335273573924
2019,all,10,mike pence,895,0.004069957799767171
2019,all,11,anthony scaramucci,772,0.0035106228172293364
2019,all,12,theresa may,705,0.003205944412107101
2019,all,13,robert mueller,664,0.003019499417927823
2019,all,14,andrew mccabe,583,0.002651156868451688
2019,all,15,gordon sondland,555,0.0025238285797438884
2020,all,1,donald trump,23792,0.10744947499153212
2020,all,2,anthony fauci,5894,0.026618493846674945
2020,all,3,joe biden,1996,0.009014338940950661
2020,all,4,mike pence,1456,0.00657558992886982
2020,all,5,ashish jha,1347,0.0060833239245794285
2020,all,6,kayleigh mcenany,1249,0.005640736140905499
2020,all,7,barack obama,1235,0.0055775093146663655
2020,all,8,peter hotez,1224,0.005527831094049904
2020,all,9,william barr,1165,0.005261375183470701
2020,all,10,deborah birx,1082,0.0048865304279101275
2020,all,11,robert redfield,965,0.004358134808625945
2020,all,12,jill biden,950,0.004290391780512589
2020,all,13,peter navarro,944,0.004263294569267246
2020,all,14,mike pompeo,776,0.0035045726543976516
2020,all,15,lev parnas,759,0.003427797222535847
2021,all,1,joe biden,9483,0.03868133481809616
2021,all,2,eric nelson,4507,0.01838413751188014
2021,all,3,donald trump,3690,0.015051579192109546
2021,all,4,anthony fauci,3615,0.014745652785765857
2021,all,5,jen psaki,2783,0.011351909184726523
2021,all,6,steve schleicher,2768,0.011290723903457785
2021,all,7,matthew frank,1775,0.007240258283467329
2021,all,8,erin eldridge,1676,0.006836435427093658
2021,all,9,jerry blackwell,1614,0.006583536264516208
2021,all,10,rochelle walensky,1370,0.0055882556892114035
2021,all,11,boris johnson,1190,0.004854032313986547
2021,all,12,kyle rittenhouse,1102,0.004495078663876618
2021,all,13,thomas binger,1079,0.004401261232597886
2021,all,14,ashish jha,989,0.0040341495449854586
2021,all,15,john kirby,965,0.003936253094955477
2022,all,1,joe biden,6751,0.03163601941929558
2022,all,2,donald trump,2811,0.013172693021424957
2022,all,3,volodymyr zelenskyy,2320,0.010871806406867983
2022,all,4,john kirby,1613,0.00755871712684399
2022,all,5,boris johnson,1031,0.004831393278224521
2022,all,6,antony blinken,1019,0.004775159796809687
2022,all,7,vladimir putin,803,0.003762957131342668
2022,all,8,cassidy hutchinson,711,0.0033318337738289378
2022,all,9,jens stoltenberg,700,0.0032802864158653394
2022,all,10,ok ok,659,0.0030881553543646552
2022,all,11,william taylor,618,0.002896024292863971
2022,all,12,ketanji brown jackson,615,0.0028819659225102624
2022,all,13,barack obama,577,0.0027038932313632872
2022,all,14,anthony fauci,554,0.0025961123919848545
2022,all,15,ned price,548,0.0025679956512774374
2023,all,1,donald trump,5166,0.023504361000778018
2023,all,2,joe biden,5145,0.023408814817848025
2023,all,3,alex murdaugh,2316,0.010537379031707683
2023,all,4,creighton waters,1635,0.007438952813835087
2023,all,5,john kirby,1431,0.006510789893943737
2023,all,6,volodymyr zelenskyy,1269,0.005773719339912371
2023,all,7,antony blinken,1157,0.00526413969761908
2023,all,8,benjamin netanyahu,980,0.004458821870066291
2023,all,9,merrick garland,879,0.003999290228355377
2023,all,10,nikki haley,856,0.0038946444089558623
2023,all,11,mike pence,824,0.0037490502254434936
2023,all,12,shan wu,695,0.0031621236731592573
2023,all,13,chris christie,653,0.0029710313072992735
2023,all,14,vivek ramaswamy,641,0.0029164334884821353
2023,all,15,jim griffin,635,0.002889134579073566
2024,all,1,donald trump,8979,0.037271180108754305
2024,all,2,joe biden,7174,0.02977875555186584
2024,all,3,kamala harris,6243,0.025914241833049686
2024,all,4,benjamin netanyahu,1213,0.005035075339338342
2024,all,5,nikki haley,1125,0.0046697936988917025
2024,all,6,larry sabato,1084,0.004499605661865427
2024,all,7,matt gorman,1029,0.004271304636586277
2024,all,8,karine jean-pierre,1012,0.004200738865136358
2024,all,9,ashleigh merchant,1009,0.004188286081939313
2024,all,10,volodymyr zelenskyy,1000,0.00415092773234818
2024,all,11,john kirby,962,0.003993192478518949
2024,all,12,antony blinken,945,0.00392262670706903
2024,all,13,arthur aidala,858,0.0035614959943547383
2024,all,14,jennifer crumbley,849,0.0035241376447636046
2024,all,15,fani willis,809,0.0033581005354696774
2025,all,1,donald trump,5770,0.11302644466209598
2025,all,2,volodymyr zelenskyy,885,0.01733594515181195
2025,all,3,elon musk,637,0.01247796278158668
2025,all,4,karoline leavitt,404,0.00791380999020568
2025,all,5,arthur aidala,340,0.006660137120470127
2025,all,6,marco rubio,321,0.006287952987267385
2025,all,7,joe biden,309,0.006052889324191969
2025,all,8,pete hegseth,303,0.005935357492654261
2025,all,9,j d vance,261,0.005112634671890303
2025,all,10,kevin o'leary,251,0.004916748285994124
2025,all,11,bill gates,236,0.004622918707149853
2025,all,12,emmanuel macron,215,0.0042115572967678745
2025,all,13,melik abdul,201,0.003937316356513222
2025,all,14,keir starmer,199,0.003898139079333986
2025,all,15,justin trudeau,192,0.00376101860920666
2000,clip,1,al gore,1916,0.02982193998256755
2000,clip,2,william j clinton,1581,0.02460776989166978
2000,clip,3,george w. bush,601,0.009354376789938987
2000,clip,4,jonathan mann,322,0.005011829161997261
2000,clip,5,janet reno,274,0.004264724193749222
2000,clip,6,james baker,219,0.0034086664176316774
2000,clip,7,david boies,217,0.0033775370439546757
2000,clip,8,ehud barak,214,0.003330842983439173
2000,clip,9,yasser arafat,182,0.0028327730046071474
2000,clip,10,william daley,176,0.0027393848835761425
2000,clip,11,joe lockhart,168,0.002614867388868136
2000,clip,12,sante kimes,164,0.0025526086415141327
2000,clip,13,madeleine albright,163,0.002537043954675632
2000,clip,14,karen hughes,149,0.0023191383389366206
2000,clip,15,kofi annan,147,0.002288008965259619
2001,clip,1,george w. bush,4361,0.06249014859501053
2001,clip,2,donald rumsfeld,835,0.011964979150844714
2001,clip,3,john ashcroft,643,0.009213750411967845
2001,clip,4,colin powell,584,0.00836832074741714
2001,clip,5,ari fleischer,453,0.0064911803057876106
2001,clip,6,laura bush,418,0.005989654233596515
2001,clip,7,william j clinton,375,0.0053734936306188835
2001,clip,8,nancy reagan,309,0.00442775875162996
2001,clip,9,condoleezza rice,278,0.003983549944832132
2001,clip,10,al hunt,250,0.0035823290870792552
2001,clip,11,john ramsey,233,0.003338730709157866
2001,clip,12,ronald reagan,226,0.003238425494719647
2001,clip,13,dick cheney,207,0.0029661684841016233
2001,clip,14,jonathan mann,200,0.002865863269663404
2001,clip,15,tony blair,197,0.002822875320618453
2002,clip,1,george w. bush,3352,0.053718809596307635
2002,clip,2,donald rumsfeld,773,0.012388019038766646
2002,clip,3,colin powell,697,0.011170050802096187
2002,clip,4,ari fleischer,478,0.007660379172743153
2002,clip,5,john ashcroft,402,0.006442410936072693
2002,clip,6,yasser arafat,397,0.006362281446818058
2002,clip,7,condoleezza rice,345,0.0055289347585698485
2002,clip,8,charles moose,309,0.004952002435936473
2002,clip,9,al hunt,308,0.0049359765380855465
2002,clip,10,al gore,282,0.004519303193961442
2002,clip,11,dick cheney,261,0.004182759339091973
2002,clip,12,ariel sharon,257,0.004118655747688264
2002,clip,13,kofi annan,240,0.0038462154842225037
2002,clip,14,hans blix,232,0.003718008301415087
2002,clip,15,hamid karzai,208,0.0033333867529928363
2003,clip,1,george w. bush,3757,0.06944803874450071
2003,clip,2,colin powell,935,0.01728344855632371
2003,clip,3,donald rumsfeld,826,0.015268586639062443
2003,clip,4,hans blix,436,0.008059447669045067
2003,clip,5,ari fleischer,418,0.0077267181781211875
2003,clip,6,tony blair,400,0.007393988687197308
2003,clip,7,barry gibb,380,0.007024289252837443
2003,clip,8,arnold schwarzenegger,342,0.006321860327553699
2003,clip,9,tom ridge,252,0.004658212872934305
2003,clip,10,kofi annan,245,0.004528818070908352
2003,clip,11,luciano pavarotti,225,0.0041591186365484865
2003,clip,12,marlon brando,216,0.0039927538910865465
2003,clip,13,condoleezza rice,203,0.003752449258752634
2003,clip,14,paul bremer,202,0.0037339642870346406
2003,clip,15,al hunt,185,0.0034197197678287553
2004,clip,1,george w. bush,6110,0.07414058802829719
2004,clip,2,donald rumsfeld,860,0.010435500115275873
2004,clip,3,colin powell,737,0.00894298091274223
2004,clip,4,dick cheney,670,0.008129982647947483
2004,clip,5,condoleezza rice,566,0.0068680151921466795
2004,clip,6,bill clinton,551,0.0066860006552523325
2004,clip,7,john kerry,531,0.006443314606059871
2004,clip,8,sarah bernard,501,0.006079285532271177
2004,clip,9,ronald reagan,448,0.005436167501911153
2004,clip,10,teresa heinz kerry,433,0.005254152965016806
2004,clip,11,christopher reeve,426,0.005169212847799445
2004,clip,12,brig gen mark kimmitt,403,0.004890123891228113
2004,clip,13,tom ridge,360,0.004368348885464319
2004,clip,14,scott mcclellan,286,0.003470410503452209
2004,clip,15,marlon brando,274,0.003324798873936732
2005,clip,1,george w. bush,4738,0.03866240167118191
2005,clip,2,condoleezza rice,644,0.00525508372229657
2005,clip,3,scott mcclellan,542,0.0044227567973365535
2005,clip,4,donald rumsfeld,521,0.004251395371609492
2005,clip,5,ray nagin,349,0.002847863694225936
2005,clip,6,laura bush,331,0.0027009824721741685
2005,clip,7,martha stewart,325,0.002652022064823579
2005,clip,8,tony blair,305,0.0024888207069882822
2005,clip,9,bill clinton,291,0.002374579756503574
2005,clip,10,andy borowitz,280,0.002284819009694161
2005,clip,11,dennis rader,274,0.0022358586023435716
2005,clip,12,colin powell,249,0.00203185690504945
2005,clip,13,michael brown,247,0.00201553676926592
2005,clip,14,michael jackson,246,0.0020073767013741553
2005,clip,15,tom cruise,238,0.0019420961582400365
2006,clip,1,george w. bush,6811,0.0508044725241118
2006,clip,2,donald rumsfeld,1200,0.008951015567307907
2006,clip,3,angelina jolie,933,0.006959414603581898
2006,clip,4,condoleezza rice,812,0.0060568538672116845
2006,clip,5,tony snow,794,0.005922588633702065
2006,clip,6,scott mcclellan,417,0.003110477909639498
2006,clip,7,patsy ramsey,366,0.0027300597480289118
2006,clip,8,michael chertoff,360,0.0026853046701923724
2006,clip,9,john mark karr,350,0.0026107128737981396
2006,clip,10,george clooney,347,0.0025883353348798697
2006,clip,11,sue rubin,337,0.0025137435384856373
2006,clip,12,john bolton,336,0.002506284358846214
2006,clip,13,bill clinton,308,0.002297427328942363
2006,clip,14,liam neeson,303,0.0022601314307452466
2006,clip,15,dick cheney,302,0.0022526722511058235
2007,clip,1,george w. bush,3988,0.030387771741201032
2007,clip,2,tony snow,766,0.005836768594222666
2007,clip,3,dave karsnia,654,0.004983350731882015
2007,clip,4,robert gates,512,0.003901338799271547
2007,clip,5,ok ok,414,0.0031545981697234772
2007,clip,6,bob murray,402,0.0030631605416155507
2007,clip,7,hillary clinton,397,0.0030250615299039145
2007,clip,8,larry seidlin,382,0.002910764494769006
2007,clip,9,jeff corwin,379,0.002887905087742024
2007,clip,10,alberto gonzales,363,0.002765988250264788
2007,clip,11,matthew boyden,352,0.0026821704244991886
2007,clip,12,paris hilton,352,0.0026821704244991886
2007,clip,13,barack obama,351,0.002674550622156861
2007,clip,14,al gore,349,0.002659311017472207
2007,clip,15,condoleezza rice,347,0.0026440714127875524
2008,clip,1,barack obama,2583,0.023796143605995558
2008,clip,2,george w. bush,2373,0.021861497784369903
2008,clip,3,john mccain,1830,0.016859056445594996
2008,clip,4,michelle obama,1755,0.01616811150930012
2008,clip,5,bill clinton,1349,0.012427796254157185
2008,clip,6,casey anthony,1266,0.011663150524657521
2008,clip,7,cindy anthony,1238,0.011405197748440768
2008,clip,8,hillary clinton,929,0.008558504610905874
2008,clip,9,george anthony,566,0.005214331119238671
2008,clip,10,william jefferson clinton,552,0.005085354731130294
2008,clip,11,cindy mccain,435,0.004007480630510286
2008,clip,12,sarah palin,435,0.004007480630510286
2008,clip,13,jeremiah wright,367,0.0033810238882695976
2008,clip,14,lee anthony,363,0.003344173491667204
2008,clip,15,henry paulson,354,0.003261260099311819
2009,clip,1,barack obama,10489,0.07510059713888849
2009,clip,2,cindy anthony,1563,0.011190984205175204
2009,clip,3,casey anthony,1484,0.010625349047012157
2009,clip,4,robert gibbs,1370,0.00980911603396675
2009,clip,5,michelle obama,820,0.0058711497429582
2009,clip,6,hillary clinton,789,0.005649191642919537
2009,clip,7,barack h obama,631,0.004517921326593444
2009,clip,8,timothy geithner,571,0.0040883250039379666
2009,clip,9,ronald cummings,538,0.0038520470264774534
2009,clip,10,robert gates,528,0.003780447639368207
2009,clip,11,ok ok,518,0.0037088482522589605
2009,clip,12,joe jackson,512,0.003665888619993413
2009,clip,13,nadya suleman,508,0.0036372488651497145
2009,clip,14,george w. bush,490,0.003508369968353071
2009,clip,15,jon gosselin,446,0.003193332665072387
2010,clip,1,barack obama,4216,0.03193649062206466
2010,clip,2,misty croslin,2005,0.015188013210920219
2010,clip,3,pete dominick,1063,0.008052298275914312
2010,clip,4,hank croslin,693,0.005249522770657213
2010,clip,5,shirley sherrod,515,0.003901160500560555
2010,clip,6,cindy anthony,509,0.0038557100869617915
2010,clip,7,robert gibbs,482,0.0036511832257673546
2010,clip,8,bill clinton,461,0.003492106778171681
2010,clip,9,ronald cummings,435,0.003295154985910372
2010,clip,10,rob marciano,421,0.0031891040208465895
2010,clip,11,george w. bush,419,0.0031739538829803353
2010,clip,12,dalia dippolito,393,0.0029770020907190255
2010,clip,13,tiger woods,390,0.0029542768839196437
2010,clip,14,tony brown,384,0.00290882647032088
2010,clip,15,lisa croslin,372,0.0028179256431233525
2011,clip,1,barack obama,3998,0.031247313340680125
2011,clip,2,casey anthony,1911,0.014935871884452155
2011,clip,3,cindy anthony,1510,0.011801761666940217
2011,clip,4,jose baez,921,0.007198293043213205
2011,clip,5,george anthony,805,0.006291667643633692
2011,clip,6,donald trump,780,0.0060962742385519
2011,clip,7,donny osmond,690,0.005392857980257451
2011,clip,8,charlie sheen,665,0.005197464575175659
2011,clip,9,hillary clinton,478,0.0037359219051638567
2011,clip,10,belvin perry,464,0.0036265015983180534
2011,clip,11,rick perry,422,0.0032982406777806437
2011,clip,12,jay carney,418,0.0032669777329675568
2011,clip,13,herman cain,410,0.0032044518433413834
2011,clip,14,janet jackson,393,0.003071584327885765
2011,clip,15,newt gingrich,366,0.0028605594503974302
2012,clip,1,barack obama,6801,0.056788102971752075
2012,clip,2,mitt romney,1757,0.01467088618164511
2012,clip,3,george zimmerman,717,0.005986923956880787
2012,clip,4,ann romney,669,0.005586125700353203
2012,clip,5,joe biden,648,0.005410776463122385
2012,clip,6,bill clinton,608,0.005076777916016065
2012,clip,7,hillary clinton,607,0.005068427952338407
2012,clip,8,antonin scalia,511,0.004266831439283239
2012,clip,9,robert blake,490,0.004091482202052421
2012,clip,10,leon panetta,477,0.003982932674242867
2012,clip,11,paul ryan,466,0.003891083073788629
2012,clip,12,jay carney,381,0.003181336161187699
2012,clip,13,rick santorum,372,0.003106186488088777
2012,clip,14,donald trump,352,0.002939187214535617
2012,clip,15,michelle obama,339,0.0028306376867260627
2013,clip,1,jodi arias,7745,0.04936390985111157
2013,clip,2,barack obama,5934,0.037821231898837446
2013,clip,3,juan martinez,3116,0.019860289618600858
2013,clip,4,mark o'mara,1246,0.00794156638792576
2013,clip,5,rob ford,1003,0.006392769732816643
2013,clip,6,george zimmerman,980,0.006246175810728126
2013,clip,7,jay carney,861,0.00548771160513971
2013,clip,8,rachel jeantel,830,0.005290128492759535
2013,clip,9,john kerry,797,0.005079798082806445
2013,clip,10,alyce laviolette,762,0.0048567203752804405
2013,clip,11,don west,695,0.004429685906587803
2013,clip,12,antoinette tuff,641,0.004085508872119111
2013,clip,13,lance armstrong,640,0.004079135223332654
2013,clip,14,bernie de la rionda,638,0.004066387925759739
2013,clip,15,kirk nurmi,560,0.003569243320416072
2014,clip,1,barack obama,4520,0.044776858685422756
2014,clip,2,donald sterling,1147,0.01136262321065927
2014,clip,3,john kerry,816,0.008083609886571896
2014,clip,4,joan rivers,679,0.00672643518747833
2014,clip,5,hillary clinton,672,0.006657090494823914
2014,clip,6,jodi arias,548,0.0054286987963742634
2014,clip,7,dennis rodman,482,0.004774877408489772
2014,clip,8,chuck hagel,477,0.004725345485165189
2014,clip,9,robin williams,439,0.004348902867898361
2014,clip,10,sarah,435,0.004309277329238695
2014,clip,11,josh earnest,423,0.004190400713259696
2014,clip,12,joe biden,364,0.0036059240180296203
2014,clip,13,oscar pistorius,345,0.0034177027093962057
2014,clip,14,lesley mcspadden,342,0.0033879835554014564
2014,clip,15,julie schenecker,335,0.0033186388627470405
2015,clip,1,barack obama,3721,0.045818351967689505
2015,clip,2,donald trump,3403,0.0419026744816037
2015,clip,3,hillary clinton,890,0.010958971580554597
2015,clip,4,jeb bush,752,0.00925971531300793
2015,clip,5,john kerry,639,0.007868295325813918
2015,clip,6,josh earnest,619,0.007622026301531793
2015,clip,7,ben carson,410,0.0050485149977835785
2015,clip,8,ok ok,361,0.00444515588829237
2015,clip,9,benjamin netanyahu,335,0.004125006156725607
2015,clip,10,joe biden,326,0.00401418509579865
2015,clip,11,john defterios,319,0.003927990937299906
2015,clip,12,bill clinton,306,0.0037679160715165245
2015,clip,13,james comey,274,0.0033738856326651235
2015,clip,14,ashton carter,241,0.0029675417425996157
2015,clip,15,david cameron,233,0.0028690341328867653
2016,clip,1,donald trump,13790,0.12636189533679706
2016,clip,2,barack obama,5286,0.048437199329246505
2016,clip,3,hillary clinton,4245,0.038898204909695686
2016,clip,4,melania trump,1454,0.013323436970246768
2016,clip,5,kellyanne conway,1308,0.011985595293729554
2016,clip,6,bernie sanders,1276,0.011692369720794274
2016,clip,7,bill clinton,1134,0.01039118124089397
2016,clip,8,ted cruz,1084,0.009933016283182597
2016,clip,9,ivanka trump,975,0.0089342166753718
2016,clip,10,michelle obama,954,0.008741787393133024
2016,clip,11,marco rubio,666,0.006102757236715507
2016,clip,12,rudy giuliani,634,0.0058095316637802276
2016,clip,13,mike pence,614,0.005626265680695678
2016,clip,14,joe biden,613,0.00561710238154145
2016,clip,15,john kerry,544,0.004984834739899754
2017,clip,1,donald trump,20919,0.1994108899565317
2017,clip,2,sean spicer,4121,0.03928353542286281
2017,clip,3,sarah huckabee sanders,1644,0.015671471059254174
2017,clip,4,kellyanne conway,1386,0.013212079615648593
2017,clip,5,mike pence,1136,0.010828948371844734
2017,clip,6,rex tillerson,1136,0.010828948371844734
2017,clip,7,jeff sessions,1124,0.010714558072142149
2017,clip,8,barack obama,1020,0.009723175474719743
2017,clip,9,james comey,994,0.009475329825364143
2017,clip,10,nikki haley,864,0.008236101578586136
2017,clip,11,theresa may,708,0.006749027682452528
2017,clip,12,james clapper,660,0.006291466483642187
2017,clip,13,sally yates,579,0.0055193319606497366
2017,clip,14,anthony scaramucci,545,0.005195226111492412
2017,clip,15,steve bannon,488,0.004651872187905132
2018,clip,1,donald trump,21128,0.20458198578538644
2018,clip,2,rudy giuliani,2187,0.021176675639560782
2018,clip,3,sarah huckabee sanders,1844,0.01785541375370374
2018,clip,4,michael cohen,1222,0.011832600654569397
2018,clip,5,sarah sanders,1170,0.011329085733098359
2018,clip,6,mike pompeo,1028,0.009954102678312064
2018,clip,7,kellyanne conway,902,0.008734047291670701
2018,clip,8,karen mcdougal,825,0.007988457888723202
2018,clip,9,michael avenatti,780,0.0075527238220655735
2018,clip,10,james comey,737,0.007136355713926061
2018,clip,11,brett kavanaugh,725,0.0070201599628173595
2018,clip,12,stormy daniels,702,0.006797451439859016
2018,clip,13,barack obama,637,0.006168057788020218
2018,clip,14,mark zuckerberg,621,0.0060131301198752835
2018,clip,15,mike pence,580,0.005616127970253888
2019,clip,1,donald trump,20259,0.1952166665060659
2019,clip,2,william barr,1656,0.015957293041810806
2019,clip,3,rudy giuliani,1552,0.014955144203436214
2019,clip,4,joe biden,1281,0.012343775595748577
2019,clip,5,mike pompeo,1203,0.011592163966967632
2019,clip,6,boris johnson,888,0.00855680931227536
2019,clip,7,michael cohen,823,0.00793046628829124
2019,clip,8,kellyanne conway,812,0.007824469776540081
2019,clip,9,mick mulvaney,776,0.007477572101718107
2019,clip,10,mike pence,721,0.006947589542962314
2019,clip,11,robert mueller,589,0.005675631401948409
2019,clip,12,theresa may,518,0.004991472098827293
2019,clip,13,sarah sanders,397,0.0038255104695645472
2019,clip,14,donald j trump,392,0.003777330236950384
2019,clip,15,jeremy corbyn,383,0.0036906058182448907
2020,clip,1,donald trump,19173,0.17836676217765043
2020,clip,2,anthony fauci,4587,0.04267294310274253
2020,clip,3,joe biden,1623,0.015098798050087448
2020,clip,4,kayleigh mcenany,1067,0.009926320098239868
2020,clip,5,mike pence,991,0.00921929073791538
2020,clip,6,barack obama,968,0.009005321326238231
2020,clip,7,deborah birx,827,0.007693595802478324
2020,clip,8,robert redfield,745,0.006930748334759796
2020,clip,9,william barr,724,0.006735384958880661
2020,clip,10,mike pompeo,682,0.006344658207122391
2020,clip,11,lev parnas,623,0.005795780151081011
2020,clip,12,boris johnson,593,0.005516689614110818
2020,clip,13,jill biden,497,0.004623599895806199
2020,clip,14,alex azar,473,0.004400327466230045
2020,clip,15,bob woodward,458,0.004260782197744948
2021,clip,1,joe biden,7500,0.06505390800510023
2021,clip,2,donald trump,3144,0.027270598235738016
2021,clip,3,anthony fauci,2460,0.021337681825672875
2021,clip,4,jen psaki,1460,0.012663827424992844
2021,clip,5,rochelle walensky,1118,0.009697369219960273
2021,clip,6,boris johnson,1097,0.009515218277545994
2021,clip,7,eric nelson,826,0.007164603734961705
2021,clip,8,kamala harris,746,0.0064706953829073025
2021,clip,9,barack obama,580,0.0050308355523944175
2021,clip,10,antony blinken,578,0.005013487843593057
2021,clip,11,thomas binger,405,0.003512911032275412
2021,clip,12,linda dunikoski,395,0.003426172488268612
2021,clip,13,jerry blackwell,387,0.0033567816530631718
2021,clip,14,rudy giuliani,387,0.0033567816530631718
2021,clip,15,steve schleicher,384,0.0033307600898611314
2022,clip,1,joe biden,5411,0.04948874133421134
2022,clip,2,donald trump,2443,0.022343558506649108
2022,clip,3,volodymyr zelenskyy,2228,0.020377179022846584
2022,clip,4,boris johnson,775,0.0070881120927765275
2022,clip,5,antony blinken,771,0.0070515282884267136
2022,clip,6,vladimir putin,721,0.006594230734054034
2022,clip,7,john kirby,663,0.006063765570981727
2022,clip,8,cassidy hutchinson,593,0.005423548994859976
2022,clip,9,barack obama,486,0.004444932228502442
2022,clip,10,liz truss,460,0.004207137500228649
2022,clip,11,jens stoltenberg,450,0.004115677989354113
2022,clip,12,kamala harris,426,0.003896175163255227
2022,clip,13,mike pence,421,0.003850445407817959
2022,clip,14,jen psaki,407,0.0037224020925936087
2022,clip,15,volodymyr zelensky,354,0.0032376666849585688
2023,clip,1,donald trump,4722,0.04223689153652123
2023,clip,2,joe biden,4102,0.03669117515519061
2023,clip,3,volodymyr zelenskyy,1167,0.010438469382278753
2023,clip,4,antony blinken,974,0.008712141540993578
2023,clip,5,benjamin netanyahu,896,0.008014454641406822
2023,clip,6,alex murdaugh,811,0.007254154814934077
2023,clip,7,nikki haley,747,0.0066816937691193045
2023,clip,8,john kirby,664,0.005939283350328271
2023,clip,9,mike pence,657,0.00587667042344228
2023,clip,10,vladimir putin,516,0.004615467181881608
2023,clip,11,merrick garland,492,0.004400794289701068
2023,clip,12,rudy giuliani,452,0.004043006136066835
2023,clip,13,ron desantis,440,0.003935669689976565
2023,clip,14,price harry,407,0.0036404944632283226
2023,clip,15,creighton waters,401,0.0035868262401831876
2024,clip,1,donald trump,7921,0.0696780436312456
2024,clip,2,joe biden,5858,0.05153061224489796
2024,clip,3,kamala harris,4774,0.041995073891625614
2024,clip,4,benjamin netanyahu,1020,0.008972554539057003
2024,clip,5,volodymyr zelenskyy,938,0.008251231527093596
2024,clip,6,nikki haley,906,0.007969739619985925
2024,clip,7,antony blinken,851,0.0074859254046446165
2024,clip,8,john kirby,541,0.004758972554539057
2024,clip,9,jennifer crumbley,513,0.0045126671358198455
2024,clip,10,jimmy carter,448,0.003940886699507389
2024,clip,11,vladimir putin,439,0.003861717100633357
2024,clip,12,barack obama,423,0.0037209711470795213
2024,clip,13,michael cohen,392,0.0034482758620689655
2024,clip,14,fani willis,371,0.0032635467980295565
2024,clip,15,karine jean-pierre,344,0.0030260380014074596
2025,clip,1,donald trump,4176,0.16939114915020484
2025,clip,2,volodymyr zelenskyy,784,0.031801403480306654
2025,clip,3,elon musk,533,0.021620086804851335
2025,clip,4,karoline leavitt,258,0.010465257777958058
2025,clip,5,joe biden,249,0.010100190646168824
2025,clip,6,marco rubio,244,0.009897375572952581
2025,clip,7,j d vance,217,0.008802174177584879
2025,clip,8,pete hegseth,214,0.008680485133655134
2025,clip,9,emmanuel macron,189,0.007666409767573926
2025,clip,10,gene hackman,180,0.007301342635784691
2025,clip,11,justin trudeau,162,0.006571208372206223
2025,clip,12,jackson reffitt,143,0.005800511093984505
2025,clip,13,keir starmer,142,0.005759948079341257
2025,clip,14,tom homan,138,0.005597696020768263
2025,clip,15,benjamin netanyahu,112,0.004543057640043808
2000,live,1,robert novak,1503,0.010542337691487571
2000,live,2,jonathan mann,1090,0.007645474440267101
2000,live,3,margaret carlson,1080,0.0075753324729252005
2000,live,4,colleen mcedwards,1052,0.007378934964367881
2000,live,5,tucker carlson,778,0.00545704505919982
2000,live,6,michael holmes,755,0.005295718534313451
2000,live,7,phil beck,736,0.00516244879636384
2000,live,8,laura bush,727,0.00509932102575613
2000,live,9,al hunt,709,0.00497306548454071
2000,live,10,david boies,694,0.0048678525335278605
2000,live,11,peter travers,656,0.004601313057628641
2000,live,12,joe lockhart,634,0.004447000729476461
2000,live,13,richard roth,626,0.004390887155602941
2000,live,14,n sanders sauls,615,0.00431373099152685
2000,live,15,william j clinton,610,0.0042786600078559
2001,live,1,ari fleischer,4002,0.022142303861901073
2001,live,2,george w. bush,2271,0.012565010512338165
2001,live,3,robert novak,1493,0.008260484674117517
2001,live,4,donald rumsfeld,1446,0.008000442624764856
2001,live,5,nathaniel brazill,1436,0.007945114529157906
2001,live,6,ok,1055,0.005837114086533142
2001,live,7,robert udell,968,0.005355759654752683
2001,live,8,margaret carlson,926,0.005123381653203497
2001,live,9,jonathan mann,896,0.004957397366382649
2001,live,10,richard butler,893,0.0049407989377005645
2001,live,11,mark geragos,858,0.004747150603076242
2001,live,12,john ashcroft,801,0.004431780458116632
2001,live,13,colin powell,708,0.003917229168972004
2001,live,14,al hunt,697,0.0038563682638043596
2001,live,15,marc shiner,688,0.0038065729777581056
2002,live,1,ari fleischer,2422,0.012456092530973087
2002,live,2,donald rumsfeld,1997,0.010270362008403491
2002,live,3,robert novak,1566,0.008053774113750559
2002,live,4,ok ok,1383,0.007112624265208828
2002,live,5,andy serwer,1180,0.006068616509722644
2002,live,6,george w. bush,1145,0.005888615172569853
2002,live,7,al hunt,1079,0.005549184079653163
2002,live,8,margaret carlson,1049,0.005394897219236486
2002,live,9,cliff may,1034,0.005317753789028147
2002,live,10,donna brazile,923,0.00474689240548644
2002,live,11,james bone,905,0.004654320289236434
2002,live,12,jonah goldberg,847,0.004356032359097524
2002,live,13,kate o'beirne,836,0.0042994605102780765
2002,live,14,mark geragos,806,0.004145173649861399
2002,live,15,robert george,781,0.004016601266180834
2003,live,1,andy serwer,3900,0.021970345666771824
2003,live,2,ari fleischer,1960,0.0110415070530443
2003,live,3,nancy grace,1892,0.010658434359367254
2003,live,4,robert novak,1597,0.00899657487944477
2003,live,5,donald rumsfeld,1193,0.0067206724052458425
2003,live,6,george w. bush,1147,0.006461534994817252
2003,live,7,al hunt,1106,0.006230564694217856
2003,live,8,margaret carlson,1005,0.0056615890756681235
2003,live,9,kate o'beirne,840,0.0047320744513047
2003,live,10,chris pixley,790,0.004450403353012754
2003,live,11,cliff may,767,0.004320834647798459
2003,live,12,andy borowitz,759,0.004275767272071747
2003,live,13,richard clarke,744,0.004191265942584163
2003,live,14,la toya jackson,726,0.004089864347199062
2003,live,15,donna brazile,716,0.004033530127540673
2004,live,1,andy serwer,7241,0.04231038915507771
2004,live,2,george w. bush,1994,0.011651279654084376
2004,live,3,sarah bernard,1993,0.011645436484749328
2004,live,4,andy borowitz,1611,0.009413345798761248
2004,live,5,bob novak,1590,0.009290639242725255
2004,live,6,al hunt,1269,0.0074149818861750615
2004,live,7,margaret carlson,1170,0.006836508122005376
2004,live,8,kolo toure,1086,0.0063456818978614
2004,live,9,kate o'beirne,971,0.0056737174243309575
2004,live,10,b j sigesmund,956,0.005586069884305247
2004,live,11,jayne weintraub,908,0.005305597756222975
2004,live,12,allen wastler,822,0.004803085193408905
2004,live,13,donald rumsfeld,795,0.004645319621362627
2004,live,14,polly mitchell,730,0.004265513614584551
2004,live,15,wendy murphy,715,0.004177866074558841
2005,live,1,andy serwer,7072,0.039167035888347364
2005,live,2,george w. bush,1731,0.009586840939299957
2005,live,3,owen lafave,897,0.004967877713779353
2005,live,4,andy borowitz,874,0.004840496233938857
2005,live,5,anne bremner,787,0.004358661940629153
2005,live,6,dannielle romano,712,0.003943287549844927
2005,live,7,bob novak,699,0.0038712893221089944
2005,live,8,george h w bush,697,0.0038602126716880815
2005,live,9,jessica hahn,681,0.0037715994683207798
2005,live,10,allen wastler,572,0.003167922020381037
2005,live,11,wynonna judd,567,0.003140230394328755
2005,live,12,jessica shaw,566,0.0031346920691182984
2005,live,13,jane velez-mitchell,560,0.0031014621178555605
2005,live,14,donald rumsfeld,526,0.002913159060700044
2005,live,15,richard herman,521,0.0028854674346477627
2006,live,1,andy serwer,6037,0.03752323059041439
2006,live,2,george w. bush,1848,0.011486322698539969
2006,live,3,tony snow,978,0.006078800648902646
2006,live,4,sharon rocha,751,0.00466787248192831
2006,live,5,david gergen,726,0.004512483917283559
2006,live,6,jack hanna,686,0.004263862213851958
2006,live,7,harvey levin,643,0.003996593882662987
2006,live,8,brian sack,638,0.003965516169734037
2006,live,9,al sharpton,616,0.0038287742328466565
2006,live,10,donald rumsfeld,597,0.003710678923716646
2006,live,11,pat lalama,541,0.0033626085389124043
2006,live,12,kathy griffin,525,0.003263159857539764
2006,live,13,ed rollins,517,0.003213435516853444
2006,live,14,elizabeth taylor,508,0.0031574956335813334
2006,live,15,judith sheindlin,496,0.003082909122551853
2007,live,1,ok ok,1033,0.006255563697141093
2007,live,2,george w. bush,981,0.005940666008611241
2007,live,3,al sharpton,903,0.005468319475816463
2007,live,4,avery friedman,841,0.005092864539492409
2007,live,5,robert zimmerman,819,0.004959638594345164
2007,live,6,richard herman,763,0.004620518006697632
2007,live,7,amy holmes,675,0.004087614226108652
2007,live,8,terri irwin,669,0.00405127987743213
2007,live,9,errol louis,622,0.0037666608127993797
2007,live,10,harvey levin,621,0.0037606050880199596
2007,live,11,kathy griffin,613,0.003712159289784598
2007,live,12,diana west,609,0.003687936390666917
2007,live,13,ed rollins,607,0.0036758249411080767
2007,live,14,david gergen,541,0.0032761471056663416
2007,live,15,miguel perez,536,0.0032458684817692407
2008,live,1,rob marciano,1479,0.00985947416137806
2008,live,2,ben stein,1437,0.00957948909391499
2008,live,3,ok ok,1260,0.00839955202389206
2008,live,4,kathy griffin,1101,0.007339608554210442
2008,live,5,robert zimmerman,1101,0.007339608554210442
2008,live,6,ed rollins,1079,0.007192949709348835
2008,live,7,jamal simmons,887,0.005913017972374807
2008,live,8,avery friedman,848,0.005653031838301958
2008,live,9,richard herman,834,0.005559703482480935
2008,live,10,stephen hayes,824,0.005493040371180204
2008,live,11,leslie sanchez,803,0.005353047837448669
2008,live,12,tara wall,779,0.0051930563703269155
2008,live,13,errol louis,775,0.005166391125806624
2008,live,14,kevin madden,714,0.004759746146872167
2008,live,15,leonard padilla,687,0.004579755746360194
2009,live,1,rob marciano,2554,0.014195118968880786
2009,live,2,robert gibbs,2197,0.012210914790380223
2009,live,3,barack obama,2053,0.011410563525102684
2009,live,4,jermaine jackson,1173,0.006519528015073282
2009,live,5,ok ok,1163,0.0064639480660956756
2009,live,6,avery friedman,1142,0.006347230173242701
2009,live,7,kathy griffin,1066,0.005924822561012889
2009,live,8,richard herman,745,0.00414070619883171
2009,live,9,jacqui jeras,739,0.004107358229445145
2009,live,10,chad myers,726,0.004035104295774256
2009,live,11,ed rollins,634,0.0035237687651802733
2009,live,12,clyde anderson,631,0.0035070947804869915
2009,live,13,jack hanna,621,0.0034515148315093845
2009,live,14,jayne weintraub,608,0.0033792608978384956
2009,live,15,mark eiglarsh,597,0.0033181229539631283
2010,live,1,chad myers,3656,0.017347074341892994
2010,live,2,rob marciano,3008,0.014272428780200802
2010,live,3,jacqui jeras,2255,0.010699576761752927
2010,live,4,reynolds wolf,1741,0.008260737535348934
2010,live,5,barack obama,1696,0.008047220482453644
2010,live,6,kathy griffin,1472,0.00698438004137486
2010,live,7,avery friedman,1196,0.005674808783617074
2010,live,8,richard herman,1071,0.0050817058589079315
2010,live,9,willie nelson,814,0.0038622862457059347
2010,live,10,cornell belcher,759,0.0036013209588339123
2010,live,11,liza minnelli,741,0.003515914137675796
2010,live,12,tanika ray,740,0.0035111693142781224
2010,live,13,denis leary,695,0.0032976522613828315
2010,live,14,bonnie schneider,694,0.003292907437985158
2010,live,15,jean casarez,661,0.0031363282658619447
2011,live,1,rob marciano,3005,0.013787755738780529
2011,live,2,reynolds wolf,2773,0.012723276759946226
2011,live,3,jacqui jeras,2573,0.011805622467847688
2011,live,4,chad myers,1984,0.009103130577617495
2011,live,5,jean casarez,1492,0.006845701019055092
2011,live,6,richard herman,1142,0.005239806007882651
2011,live,7,barack obama,1137,0.005216864650580187
2011,live,8,holly hughes,1039,0.004767214047451903
2011,live,9,mark eiglarsh,978,0.004487329488361849
2011,live,10,donald trump,892,0.004092738142759478
2011,live,11,avery friedman,865,0.0039688548133261755
2011,live,12,kathy griffin,764,0.003505439395816414
2011,live,13,alice cooper,726,0.003331085080317692
2011,live,14,michael moore,720,0.003303555451554736
2011,live,15,jane fonda,707,0.0032439079225683306
2012,live,1,chad myers,2454,0.013035648834281526
2012,live,2,rob marciano,1883,0.010002496640159784
2012,live,3,barack obama,1416,0.007521792481394719
2012,live,4,reynolds wolf,1097,0.00582726437294492
2012,live,5,stephen moore,963,0.005115456327389205
2012,live,6,holly hughes,957,0.005083584325349397
2012,live,7,avery friedman,843,0.004478016286593042
2012,live,8,jack hanna,823,0.004371776279793682
2012,live,9,richard herman,781,0.004148672265515025
2012,live,10,lisa bloom,763,0.004053056259395601
2012,live,11,jacqui jeras,723,0.00384057624579688
2012,live,12,taggart romney,684,0.003633408232538127
2012,live,13,dean obeidallah,668,0.0035484162270986385
2012,live,14,alexandra steele,654,0.0034740482223390864
2012,live,15,john fugelsang,641,0.003404992217919502
2013,live,1,mark o'mara,2632,0.013588513782119126
2013,live,2,indra petersons,1991,0.010279153092780845
2013,live,3,bernie de la rionda,1946,0.010046826679332758
2013,live,4,chad myers,1813,0.009360173057363972
2013,live,5,don west,1666,0.008601240106766894
2013,live,6,frank taaffe,1434,0.00740346837521232
2013,live,7,andy scholes,1384,0.007145327915825559
2013,live,8,juan martinez,1349,0.006964629594254826
2013,live,9,barack obama,1286,0.006639372615427506
2013,live,10,mark eiglarsh,1220,0.0062986272090369815
2013,live,11,mark geragos,1130,0.005833974382140811
2013,live,12,rachel jeantel,1084,0.00559648515950499
2013,live,13,wendy walsh,1070,0.005524205830876696
2013,live,14,jodi arias,960,0.004956296820225821
2013,live,15,eric ripert,918,0.004739458834340941
2014,live,1,indra petersons,1796,0.010088980765773864
2014,live,2,anthony bourdain,1318,0.007403828869315118
2014,live,3,susan sarandon,1205,0.006769054467014201
2014,live,4,anahita sedaghatfar,1169,0.006566825453891785
2014,live,5,chad myers,1129,0.006342126550422434
2014,live,6,judy ho,1058,0.0059432859967643355
2014,live,7,ok ok,979,0.005499505662412367
2014,live,8,vanessa barnett,913,0.005128752471687938
2014,live,9,leeann tweeden,862,0.0048422613697645155
2014,live,10,barack obama,799,0.004488360596800287
2014,live,11,michael dunn,744,0.00417939960452993
2014,live,12,jennifer gray,739,0.004151312241596261
2014,live,13,wendy walsh,730,0.004100754988315657
2014,live,14,andy ricker,728,0.00408952004314219
2014,live,15,andy scholes,719,0.004038962789861585
2015,live,1,vanessa barnett,1657,0.010394645220784272
2015,live,2,judy ho,1637,0.01026918179023769
2015,live,3,areva martin,1429,0.008964362112553243
2015,live,4,ok ok,1140,0.007151415541155142
2015,live,5,donald trump,989,0.006204166640528452
2015,live,6,harry houck,940,0.005896781235689328
2015,live,7,segun oduolowu,915,0.005739951947506101
2015,live,8,brian rogers,858,0.005382381170448343
2015,live,9,pedram javaheri,769,0.004824068904516057
2015,live,10,jonathan gilliam,762,0.004780156703824753
2015,live,11,anahita sedaghatfar,699,0.004384946897603021
2015,live,12,jeffrey lord,661,0.004146566379564516
2015,live,13,chad myers,626,0.003927005376107999
2015,live,14,barack obama,621,0.0038956395184713537
2015,live,15,loni coombs,609,0.0038203614601434047
2016,live,1,donald trump,2429,0.013712085716059906
2016,live,2,kayleigh mcenany,1565,0.00883467029462073
2016,live,3,jeffrey lord,1524,0.00860321886837188
2016,live,4,boris epshteyn,1476,0.008332251344958594
2016,live,5,kellyanne conway,1440,0.008129025702398627
2016,live,6,barack obama,1403,0.007920154903100884
2016,live,7,katrina pierson,1287,0.007265316721518773
2016,live,8,scottie nell hughes,1262,0.007124187803074352
2016,live,9,sean spicer,1257,0.007095962019385468
2016,live,10,john thomas,1110,0.006266123978932275
2016,live,11,hillary clinton,1091,0.006158866000914516
2016,live,12,maria cardona,981,0.005537898759759065
2016,live,13,jack kingston,956,0.005396769841314644
2016,live,14,lisa bloom,908,0.005125802317901357
2016,live,15,derek van dam,885,0.00499596371293249
2017,live,1,sean spicer,3835,0.026057768748343785
2017,live,2,donald trump,3346,0.02273514843075836
2017,live,3,sarah huckabee sanders,1715,0.01165295264756443
2017,live,4,kellyanne conway,1272,0.008642889660467614
2017,live,5,jack kingston,1040,0.0070665135588728915
2017,live,6,jeff sessions,937,0.006366656927561441
2017,live,7,alan dershowitz,807,0.00548334273270233
2017,live,8,jackie kucinich,723,0.004912585868331827
2017,live,9,anthony scaramucci,722,0.004905791143755988
2017,live,10,john thomas,621,0.004219523961596217
2017,live,11,mary katharine ham,598,0.004063245296351913
2017,live,12,margaret talev,565,0.0038390193853492147
2017,live,13,jeffrey lord,564,0.0038322246607733756
2017,live,14,chad myers,560,0.003805045762470018
2017,live,15,james comey,546,0.0037099196184082676
2018,live,1,donald trump,3701,0.026464636352585325
2018,live,2,sarah huckabee sanders,1644,0.01175570444843293
2018,live,3,michael avenatti,1640,0.011727101761210466
2018,live,4,kellyanne conway,1480,0.010582994272311883
2018,live,5,anthony scaramucci,1194,0.008537902135905669
2018,live,6,michael caputo,807,0.005770592147132223
2018,live,7,peter strzok,733,0.005241442433516629
2018,live,8,sarah sanders,708,0.005062675638376225
2018,live,9,bill kristol,690,0.004933963545875135
2018,live,10,rudy giuliani,627,0.004483471222121318
2018,live,11,matt schlapp,602,0.0043047044269809145
2018,live,12,alan dershowitz,574,0.004104485616423663
2018,live,13,michael moore,481,0.003439473138501362
2018,live,14,rob astorino,472,0.0033751170922508168
2018,live,15,mike pompeo,467,0.003339363733222736
2019,live,1,donald trump,2983,0.025687393973838988
2019,live,2,rudy giuliani,974,0.008387369001179742
2019,live,3,william barr,700,0.006027883265734928
2019,live,4,anthony scaramucci,656,0.005648987746174447
2019,live,5,bill kristol,497,0.004279797118671799
2019,live,6,natasha lindstaedt,466,0.004012848002617824
2019,live,7,rob astorino,460,0.003961180431768667
2019,live,8,keith boykin,421,0.0036253412212491495
2019,live,9,jay sekulow,395,0.003401448414236138
2019,live,10,elliot williams,390,0.003358392105195174
2019,live,11,ken cuccinelli,385,0.0033153357961542107
2019,live,12,harry litman,377,0.0032464457016886683
2019,live,13,kellyanne conway,369,0.0031775556072231263
2019,live,14,peter navarro,355,0.0030569979419084277
2019,live,15,scott lucas,352,0.0030311641564838496
2020,live,1,donald trump,4619,0.04054137080564894
2020,live,2,anthony fauci,1307,0.011471654393371543
2020,live,3,ashish jha,1104,0.00968990547075913
2020,live,4,peter hotez,882,0.007741391870660827
2020,live,5,peter navarro,711,0.00624050977328781
2020,live,6,william schaffner,588,0.005160927913773885
2020,live,7,carlos del rio,551,0.004836175647090834
2020,live,8,richard besser,541,0.004748404764203523
2020,live,9,leana wen,539,0.004730850587626061
2020,live,10,jorge rodriguez,491,0.0043095503497669685
2020,live,11,william haseltine,478,0.004195448202013464
2020,live,12,mike pence,465,0.00408134605425996
2020,live,13,tim murtaugh,457,0.004011129347950111
2020,live,14,jill biden,453,0.003976020994795187
2020,live,15,celine gounder,445,0.0039058042884853377
2021,live,1,eric nelson,3681,0.028344164844303448
2021,live,2,steve schleicher,2384,0.018357101056457326
2021,live,3,joe biden,1983,0.015269350417346844
2021,live,4,erin eldridge,1455,0.011203683740413342
2021,live,5,matthew frank,1432,0.01102658083592571
2021,live,6,jen psaki,1323,0.010187267071179968
2021,live,7,jerry blackwell,1227,0.009448054948101149
2021,live,8,anthony fauci,1155,0.008893645855792035
2021,live,9,ashish jha,835,0.006429605445529307
2021,live,10,kyle rittenhouse,774,0.005959897742322974
2021,live,11,john kirby,765,0.005890596605784335
2021,live,12,sgt jody stiger,730,0.005621092185911849
2021,live,13,peter hotez,724,0.005574891428219423
2021,live,14,thomas binger,674,0.005189885114115871
2021,live,15,travis mcmichael,610,0.004697077032063326
2022,live,1,joe biden,1340,0.012877433738876396
2022,live,2,john kirby,950,0.00912952391935267
2022,live,3,william taylor,595,0.005717964981068251
2022,live,4,ok ok,508,0.004881892790559111
2022,live,5,alex jones,470,0.004516711833785004
2022,live,6,shan wu,415,0.0039881604489803765
2022,live,7,harry litman,400,0.0038440100713063867
2022,live,8,george conway,379,0.0036421995425628016
2022,live,9,donald trump,368,0.003536489265601876
2022,live,10,douglas emhoff,345,0.0033154586865017585
2022,live,11,ketanji brown jackson,303,0.002911837629014588
2022,live,12,steve bannon,270,0.002594706798131811
2022,live,13,renato mariotti,268,0.0025754867477752793
2022,live,14,michael moore,266,0.002556266697418747
2022,live,15,ned price,265,0.002546656672240481
2023,live,1,alex murdaugh,1505,0.013936346547397468
2023,live,2,creighton waters,1234,0.011426878165773074
2023,live,3,joe biden,1043,0.009658212258428943
2023,live,4,john kirby,767,0.007102443722162032
2023,live,5,shan wu,653,0.006046800196312656
2023,live,6,ryan goodman,580,0.0053708179385319145
2023,live,7,doug heye,538,0.004981896639534776
2023,live,8,joe pinion,475,0.004398514691039068
2023,live,9,tim parlatore,472,0.004370734598253558
2023,live,10,jim griffin,448,0.004148493855969479
2023,live,11,donald trump,444,0.004111453732255466
2023,live,12,michael moore,427,0.00395403320647091
2023,live,13,mark regev,427,0.00395403320647091
2023,live,14,merrick garland,387,0.0035836319693307774
2023,live,15,ok ok,386,0.003574371938402274
2024,live,1,kamala harris,1469,0.011546019020671225
2024,live,2,joe biden,1316,0.010343472451465848
2024,live,3,donald trump,1058,0.008315648824962666
2024,live,4,matt gorman,1029,0.00808771516151851
2024,live,5,larry sabato,1004,0.007891220624066652
2024,live,6,arthur aidala,848,0.0066650947103670515
2024,live,7,bryan lanza,747,0.005871256779061542
2024,live,8,meghan hays,742,0.005831957871571171
2024,live,9,ashleigh merchant,673,0.00528963294820404
2024,live,10,karine jean-pierre,668,0.005250334040713668
2024,live,11,julie roginsky,592,0.004652990646860017
2024,live,12,reihan salam,587,0.004613691739369646
2024,live,13,derek van dam,586,0.0046058319578715715
2024,live,14,marc lotter,580,0.004558673268883125
2024,live,15,robert hur,550,0.004322879823940895
2025,live,1,donald trump,1594,0.06038564988445657
2025,live,2,arthur aidala,340,0.01288025154373603
2025,live,3,kevin o'leary,248,0.009395007008372163
2025,live,4,melik abdul,201,0.0076145016479145355
2025,live,5,peter navarro,180,0.006818956699624957
2025,live,6,bill gates,149,0.005644580823578437
2025,live,7,larry sabato,147,0.005568814638027049
2025,live,8,karoline leavitt,146,0.005530931545251355
2025,live,9,matt gorman,140,0.005303632988597189
2025,live,10,julie roginsky,133,0.00503845133916733
2025,live,11,meghan hays,133,0.00503845133916733
2025,live,12,bryan lanza,119,0.004508088040307611
2025,live,13,john bolton,114,0.00431867257642914
2025,live,14,david acuna,110,0.004167140205326362
2025,live,15,elon musk,104,0.003939841648672198
